Date,Close
02/01/2015 16:30:00,296.67
05/01/2015 16:30:00,292.89
06/01/2015 16:30:00,293.07
07/01/2015 16:30:00,294.95
08/01/2015 16:30:00,302.67
09/01/2015 16:30:00,295.81
12/01/2015 16:30:00,298.04
13/01/2015 16:30:00,295.98
14/01/2015 16:30:00,292.55
15/01/2015 16:30:00,292.72
16/01/2015 16:30:00,295.47
19/01/2015 16:30:00,298.38
20/01/2015 16:30:00,302.85
21/01/2015 16:30:00,306.11
22/01/2015 16:30:00,308.51
23/01/2015 16:30:00,309.54
26/01/2015 16:30:00,309.88
27/01/2015 16:30:00,301.64
28/01/2015 16:30:00,302.85
29/01/2015 16:30:00,304.56
30/01/2015 16:30:00,305.93
02/02/2015 16:30:00,303.36
03/02/2015 16:30:00,306.79
04/02/2015 16:30:00,308.68
05/02/2015 16:30:00,315.03
06/02/2015 16:30:00,312.97
09/02/2015 16:30:00,309.54
10/02/2015 16:30:00,315.03
11/02/2015 16:30:00,310.57
12/02/2015 16:30:00,310.57
13/02/2015 16:30:00,324.12
16/02/2015 16:30:00,321.38
17/02/2015 16:30:00,316.57
18/02/2015 16:30:00,320.69
19/02/2015 16:30:00,330.13
20/02/2015 16:30:00,328.07
23/02/2015 16:30:00,326.01
24/02/2015 16:30:00,321.38
25/02/2015 16:30:00,322.23
26/02/2015 16:30:00,323.78
27/02/2015 16:30:00,325.67
02/03/2015 16:30:00,320.69
03/03/2015 16:30:00,321.55
04/03/2015 16:30:00,326.01
05/03/2015 16:30:00,338.02
06/03/2015 16:30:00,338.71
09/03/2015 16:30:00,341.62
10/03/2015 16:30:00,333.9
11/03/2015 16:30:00,334.93
12/03/2015 16:30:00,332.87
13/03/2015 16:30:00,332.7
16/03/2015 16:30:00,333.04
17/03/2015 16:30:00,331.67
18/03/2015 16:30:00,337.68
19/03/2015 16:30:00,337.16
20/03/2015 16:30:00,338.88
23/03/2015 16:30:00,338.71
24/03/2015 16:30:00,339.22
25/03/2015 16:30:00,336.65
26/03/2015 16:30:00,330.13
27/03/2015 16:30:00,325.15
30/03/2015 16:30:00,329.96
31/03/2015 16:30:00,327.04
01/04/2015 16:30:00,326.01
02/04/2015 16:30:00,323.78
07/04/2015 16:30:00,326.7
08/04/2015 16:30:00,323.95
09/04/2015 16:30:00,326.01
10/04/2015 16:30:00,334.59
13/04/2015 16:30:00,332.53
14/04/2015 16:30:00,334.07
15/04/2015 16:30:00,338.54
16/04/2015 16:30:00,336.3
17/04/2015 16:30:00,335.79
20/04/2015 16:30:00,336.99
21/04/2015 16:30:00,345.57
22/04/2015 16:30:00,359.64
23/04/2015 16:30:00,355.18
24/04/2015 16:30:00,360.33
27/04/2015 16:30:00,361.7
28/04/2015 16:30:00,356.21
29/04/2015 16:30:00,353.46
30/04/2015 16:30:00,358.95
01/05/2015 16:30:00,357.92
05/05/2015 16:30:00,355.18
06/05/2015 16:30:00,351.06
07/05/2015 16:30:00,349
08/05/2015 16:30:00,353.46
11/05/2015 16:30:00,350.03
12/05/2015 16:30:00,344.88
13/05/2015 16:30:00,344.88
14/05/2015 16:30:00,347.63
15/05/2015 16:30:00,347.63
18/05/2015 16:30:00,346.6
19/05/2015 16:30:00,346.26
20/05/2015 16:30:00,344.54
21/05/2015 16:30:00,346.94
22/05/2015 16:30:00,349.69
26/05/2015 16:30:00,346.26
27/05/2015 16:30:00,349.35
28/05/2015 16:30:00,348.32
29/05/2015 16:30:00,342.48
01/06/2015 16:30:00,342.31
02/06/2015 16:30:00,338.71
03/06/2015 16:30:00,338.71
04/06/2015 16:30:00,333.73
05/06/2015 16:30:00,333.39
08/06/2015 16:30:00,331.33
09/06/2015 16:30:00,330.13
10/06/2015 16:30:00,337.68
11/06/2015 16:30:00,336.82
12/06/2015 16:30:00,332.87
15/06/2015 16:30:00,324.29
16/06/2015 16:30:00,323.09
17/06/2015 16:30:00,315.2
18/06/2015 16:30:00,311.94
19/06/2015 16:30:00,310.91
22/06/2015 16:30:00,313.66
23/06/2015 16:30:00,312.8
24/06/2015 16:30:00,311.6
25/06/2015 16:30:00,310.05
26/06/2015 16:30:00,308.17
29/06/2015 16:30:00,306.11
30/06/2015 16:30:00,298.56
01/07/2015 16:30:00,305.42
02/07/2015 16:30:00,300.79
03/07/2015 16:30:00,293.92
06/07/2015 16:30:00,275.39
07/07/2015 16:30:00,260.64
08/07/2015 16:30:00,260.29
09/07/2015 16:30:00,259.78
10/07/2015 16:30:00,263.9
13/07/2015 16:30:00,266.98
14/07/2015 16:30:00,266.98
15/07/2015 16:30:00,268.19
16/07/2015 16:30:00,268.36
17/07/2015 16:30:00,267.67
20/07/2015 16:30:00,268.7
21/07/2015 16:30:00,262.7
22/07/2015 16:30:00,260.98
23/07/2015 16:30:00,258.58
24/07/2015 16:30:00,252.57
27/07/2015 16:30:00,246.39
28/07/2015 16:30:00,252.23
29/07/2015 16:30:00,250.68
30/07/2015 16:30:00,257.2
31/07/2015 16:30:00,272.48
03/08/2015 16:30:00,288.6
04/08/2015 16:30:00,282.77
05/08/2015 16:30:00,280.54
06/08/2015 16:30:00,280.54
07/08/2015 16:30:00,275.91
10/08/2015 16:30:00,277.11
11/08/2015 16:30:00,273.85
12/08/2015 16:30:00,274.53
13/08/2015 16:30:00,273.85
14/08/2015 16:30:00,273.68
17/08/2015 16:30:00,273.33
18/08/2015 16:30:00,271.1
19/08/2015 16:30:00,261.49
20/08/2015 16:30:00,261.15
21/08/2015 16:30:00,252.23
24/08/2015 16:30:00,246.91
25/08/2015 16:30:00,248.45
26/08/2015 16:30:00,245.19
27/08/2015 16:30:00,250.68
28/08/2015 16:30:00,255.15
01/09/2015 16:30:00,249.48
02/09/2015 16:30:00,251.2
03/09/2015 16:30:00,252.91
04/09/2015 16:30:00,247.42
07/09/2015 16:30:00,246.74
08/09/2015 16:30:00,248.97
09/09/2015 16:30:00,250.86
10/09/2015 16:30:00,248.8
11/09/2015 16:30:00,247.42
14/09/2015 16:30:00,246.05
15/09/2015 16:30:00,248.11
16/09/2015 16:30:00,247.08
17/09/2015 16:30:00,243.82
18/09/2015 16:30:00,237.47
21/09/2015 16:30:00,239.02
22/09/2015 16:30:00,235.24
23/09/2015 16:30:00,233.18
24/09/2015 16:30:00,223.23
25/09/2015 16:30:00,227.69
28/09/2015 16:30:00,226.49
29/09/2015 16:30:00,223.4
30/09/2015 16:30:00,232.32
01/10/2015 16:30:00,235.59
02/10/2015 16:30:00,241.76
05/10/2015 16:30:00,250
06/10/2015 16:30:00,253.26
07/10/2015 16:30:00,251.89
08/10/2015 16:30:00,255.83
09/10/2015 16:30:00,259.26
12/10/2015 16:30:00,249.14
13/10/2015 16:30:00,243.99
14/10/2015 16:30:00,239.7
15/10/2015 16:30:00,239.19
16/10/2015 16:30:00,235.24
19/10/2015 16:30:00,229.75
20/10/2015 16:30:00,231.3
21/10/2015 16:30:00,233.87
22/10/2015 16:30:00,229.92
23/10/2015 16:30:00,236.1
26/10/2015 16:30:00,234.38
27/10/2015 16:30:00,231.47
28/10/2015 16:30:00,231.12
29/10/2015 16:30:00,233.01
30/10/2015 16:30:00,235.93
02/11/2015 16:30:00,237.3
03/11/2015 16:30:00,238.5
04/11/2015 16:30:00,243.48
05/11/2015 16:30:00,240.22
06/11/2015 16:30:00,239.87
09/11/2015 16:30:00,239.7
10/11/2015 16:30:00,230.61
11/11/2015 16:30:00,228.89
12/11/2015 16:30:00,184.11
13/11/2015 16:30:00,176.22
16/11/2015 16:30:00,181.19
17/11/2015 16:30:00,190.46
18/11/2015 16:30:00,186.34
19/11/2015 16:30:00,185.65
20/11/2015 16:30:00,189.43
23/11/2015 16:30:00,195.26
24/11/2015 16:30:00,201.78
25/11/2015 16:30:00,208.3
26/11/2015 16:30:00,206.42
27/11/2015 16:30:00,208.13
30/11/2015 16:30:00,208.13
01/12/2015 16:30:00,207.27
02/12/2015 16:30:00,206.24
03/12/2015 16:30:00,205.39
04/12/2015 16:30:00,204.01
07/12/2015 16:30:00,209.5
08/12/2015 16:30:00,202.47
09/12/2015 16:30:00,198.52
10/12/2015 16:30:00,194.58
11/12/2015 16:30:00,189.43
14/12/2015 16:30:00,184.45
15/12/2015 16:30:00,185.31
16/12/2015 16:30:00,194.4
17/12/2015 16:30:00,196.81
18/12/2015 16:30:00,197.84
21/12/2015 16:30:00,195.43
22/12/2015 16:30:00,194.06
23/12/2015 16:30:00,202.64
24/12/2015 16:30:00,204.19
29/12/2015 16:30:00,201.27
30/12/2015 16:30:00,198.87
31/12/2015 16:30:00,197.32
04/01/2016 16:30:00,192.17
05/01/2016 16:30:00,193.72
06/01/2016 16:30:00,192.17
07/01/2016 16:30:00,187.37
08/01/2016 16:30:00,192
11/01/2016 16:30:00,189.43
12/01/2016 16:30:00,190.8
13/01/2016 16:30:00,192.35
14/01/2016 16:30:00,190.97
15/01/2016 16:30:00,186.68
18/01/2016 16:30:00,184.8
19/01/2016 16:30:00,188.74
20/01/2016 16:30:00,182.22
21/01/2016 16:30:00,183.42
22/01/2016 16:30:00,186.34
25/01/2016 16:30:00,186.68
26/01/2016 16:30:00,186.51
27/01/2016 16:30:00,185.14
28/01/2016 16:30:00,186.17
29/01/2016 16:30:00,190.46
01/02/2016 16:30:00,190.46
02/02/2016 16:30:00,182.39
03/02/2016 16:30:00,176.05
04/02/2016 16:30:00,179.48
05/02/2016 16:30:00,181.54
08/02/2016 16:30:00,176.73
09/02/2016 16:30:00,175.87
10/02/2016 16:30:00,181.19
11/02/2016 16:30:00,181.88
12/02/2016 16:30:00,207.96
15/02/2016 16:30:00,211.05
16/02/2016 16:30:00,216.71
17/02/2016 16:30:00,232.67
18/02/2016 16:30:00,226.83
19/02/2016 16:30:00,220.31
22/02/2016 16:30:00,225.98
23/02/2016 16:30:00,227.69
24/02/2016 16:30:00,224.26
25/02/2016 16:30:00,229.92
26/02/2016 16:30:00,233.01
29/02/2016 16:30:00,233.01
01/03/2016 16:30:00,234.38
02/03/2016 16:30:00,233.35
03/03/2016 16:30:00,245.71
04/03/2016 16:30:00,247.94
07/03/2016 16:30:00,247.6
08/03/2016 16:30:00,242.45
09/03/2016 16:30:00,240.22
10/03/2016 16:30:00,234.04
11/03/2016 16:30:00,235.41
14/03/2016 16:30:00,233.87
15/03/2016 16:30:00,231.98
16/03/2016 16:30:00,231.81
17/03/2016 16:30:00,240.73
18/03/2016 16:30:00,245.88
21/03/2016 16:30:00,241.08
22/03/2016 16:30:00,238.33
23/03/2016 16:30:00,233.01
24/03/2016 16:30:00,232.84
29/03/2016 16:30:00,231.47
30/03/2016 16:30:00,236.79
31/03/2016 16:30:00,234.04
01/04/2016 16:30:00,227.35
04/04/2016 16:30:00,226.32
05/04/2016 16:30:00,223.75
06/04/2016 16:30:00,225.8
07/04/2016 16:30:00,224.78
08/04/2016 16:30:00,228.89
11/04/2016 16:30:00,227.86
12/04/2016 16:30:00,225.63
13/04/2016 16:30:00,231.47
14/04/2016 16:30:00,230.61
15/04/2016 16:30:00,228.21
18/04/2016 16:30:00,228.38
19/04/2016 16:30:00,239.02
20/04/2016 16:30:00,234.73
21/04/2016 16:30:00,237.47
22/04/2016 16:30:00,234.73
25/04/2016 16:30:00,230.95
26/04/2016 16:30:00,229.58
27/04/2016 16:30:00,230.95
28/04/2016 16:30:00,238.16
29/04/2016 16:30:00,229.75
03/05/2016 16:30:00,220.31
04/05/2016 16:30:00,221.34
05/05/2016 16:30:00,216.2
06/05/2016 16:30:00,221.86
09/05/2016 16:30:00,220.31
10/05/2016 16:30:00,222.54
11/05/2016 16:30:00,225.98
12/05/2016 16:30:00,220.83
13/05/2016 16:30:00,223.06
16/05/2016 16:30:00,227.52
17/05/2016 16:30:00,227.86
18/05/2016 16:30:00,225.12
19/05/2016 16:30:00,217.74
20/05/2016 16:30:00,220.66
23/05/2016 16:30:00,217.91
24/05/2016 16:30:00,219.11
25/05/2016 16:30:00,214.14
26/05/2016 16:30:00,214.65
27/05/2016 16:30:00,211.05
31/05/2016 16:30:00,212.42
01/06/2016 16:30:00,207.62
02/06/2016 16:30:00,208.3
03/06/2016 16:30:00,207.79
06/06/2016 16:30:00,210.19
07/06/2016 16:30:00,208.13
08/06/2016 16:30:00,209.85
09/06/2016 16:30:00,205.73
10/06/2016 16:30:00,207.1
13/06/2016 16:30:00,206.07
14/06/2016 16:30:00,205.9
15/06/2016 16:30:00,210.19
16/06/2016 16:30:00,206.93
17/06/2016 16:30:00,211.05
20/06/2016 16:30:00,217.57
21/06/2016 16:30:00,216.54
22/06/2016 16:30:00,218.08
23/06/2016 16:30:00,221.17
24/06/2016 16:30:00,222.72
27/06/2016 16:30:00,223.75
28/06/2016 16:30:00,229.75
29/06/2016 16:30:00,241.76
30/06/2016 16:30:00,244.16
01/07/2016 16:30:00,244.16
04/07/2016 16:30:00,242.45
05/07/2016 16:30:00,243.99
06/07/2016 16:30:00,239.87
07/07/2016 16:30:00,250
08/07/2016 16:30:00,252.23
11/07/2016 16:30:00,248.45
12/07/2016 16:30:00,248.45
13/07/2016 16:30:00,256.18
14/07/2016 16:30:00,256.18
15/07/2016 16:30:00,255.49
18/07/2016 16:30:00,253.26
19/07/2016 16:30:00,253.77
20/07/2016 16:30:00,254.97
21/07/2016 16:30:00,255.32
22/07/2016 16:30:00,247.25
25/07/2016 16:30:00,246.39
26/07/2016 16:30:00,249.48
27/07/2016 16:30:00,251.2
28/07/2016 16:30:00,285.17
29/07/2016 16:30:00,271.45
01/08/2016 16:30:00,271.62
02/08/2016 16:30:00,260.98
03/08/2016 16:30:00,257.72
04/08/2016 16:30:00,259.95
05/08/2016 16:30:00,260.46
08/08/2016 16:30:00,259.61
09/08/2016 16:30:00,262.01
10/08/2016 16:30:00,273.51
11/08/2016 16:30:00,274.19
12/08/2016 16:30:00,274.36
15/08/2016 16:30:00,273.16
16/08/2016 16:30:00,270.42
17/08/2016 16:30:00,268.53
18/08/2016 16:30:00,270.76
19/08/2016 16:30:00,271.79
22/08/2016 16:30:00,269.22
23/08/2016 16:30:00,272.48
24/08/2016 16:30:00,270.59
25/08/2016 16:30:00,265.61
26/08/2016 16:30:00,269.22
30/08/2016 16:30:00,263.38
31/08/2016 16:30:00,264.24
01/09/2016 16:30:00,260.81
02/09/2016 16:30:00,268.87
05/09/2016 16:30:00,268.7
06/09/2016 16:30:00,265.61
07/09/2016 16:30:00,263.21
08/09/2016 16:30:00,257.38
09/09/2016 16:30:00,248.97
12/09/2016 16:30:00,246.39
13/09/2016 16:30:00,246.91
14/09/2016 16:30:00,249.14
15/09/2016 16:30:00,250.34
16/09/2016 16:30:00,249.65
19/09/2016 16:30:00,253.77
20/09/2016 16:30:00,251.54
21/09/2016 16:30:00,249.14
22/09/2016 16:30:00,251.54
23/09/2016 16:30:00,247.94
26/09/2016 16:30:00,244.34
27/09/2016 16:30:00,243.99
28/09/2016 16:30:00,246.22
29/09/2016 16:30:00,244.51
30/09/2016 16:30:00,247.08
03/10/2016 16:30:00,253.09
04/10/2016 16:30:00,260.98
05/10/2016 16:30:00,258.92
06/10/2016 16:30:00,260.81
07/10/2016 16:30:00,266.13
10/10/2016 16:30:00,269.56
11/10/2016 16:30:00,265.78
12/10/2016 16:30:00,258.75
13/10/2016 16:30:00,257.89
14/10/2016 16:30:00,262.35
17/10/2016 16:30:00,265.44
18/10/2016 16:30:00,261.15
19/10/2016 16:30:00,262.87
20/10/2016 16:30:00,262.87
21/10/2016 16:30:00,259.09
24/10/2016 16:30:00,256
25/10/2016 16:30:00,253.6
26/10/2016 16:30:00,252.74
27/10/2016 16:30:00,254.12
28/10/2016 16:30:00,252.06
31/10/2016 16:30:00,249.31
01/11/2016 16:30:00,249.14
02/11/2016 16:30:00,247.08
03/11/2016 16:30:00,242.79
04/11/2016 16:30:00,244.51
07/11/2016 16:30:00,248.45
08/11/2016 16:30:00,246.57
09/11/2016 16:30:00,260.12
10/11/2016 16:30:00,264.41
11/11/2016 16:30:00,254.12
14/11/2016 16:30:00,256
15/11/2016 16:30:00,258.92
16/11/2016 16:30:00,253.43
17/11/2016 16:30:00,239.87
18/11/2016 16:30:00,225.63
21/11/2016 16:30:00,225.46
22/11/2016 16:30:00,226.49
23/11/2016 16:30:00,230.09
24/11/2016 16:30:00,230.78
25/11/2016 16:30:00,228.55
28/11/2016 16:30:00,230.78
29/11/2016 16:30:00,230.95
30/11/2016 16:30:00,232.15
01/12/2016 16:30:00,234.04
02/12/2016 16:30:00,226.83
05/12/2016 16:30:00,228.38
06/12/2016 16:30:00,227.01
07/12/2016 16:30:00,230.78
08/12/2016 16:30:00,225.98
09/12/2016 16:30:00,229.24
12/12/2016 16:30:00,223.4
13/12/2016 16:30:00,232.67
14/12/2016 16:30:00,229.92
15/12/2016 16:30:00,230.44
16/12/2016 16:30:00,231.64
19/12/2016 16:30:00,230.95
20/12/2016 16:30:00,231.98
21/12/2016 16:30:00,235.07
22/12/2016 16:30:00,234.21
23/12/2016 16:30:00,233.53
28/12/2016 16:30:00,235.59
29/12/2016 16:30:00,232.67
30/12/2016 16:30:00,229.24
03/01/2017 16:30:00,229.92
04/01/2017 16:30:00,229.06
05/01/2017 16:30:00,219.46
06/01/2017 16:30:00,223.23
09/01/2017 16:30:00,226.83
10/01/2017 16:30:00,229.06
11/01/2017 16:30:00,229.92
12/01/2017 16:30:00,232.32
13/01/2017 16:30:00,227.01
16/01/2017 16:30:00,228.21
17/01/2017 16:30:00,238.33
18/01/2017 16:30:00,237.99
19/01/2017 16:30:00,241.08
20/01/2017 16:30:00,236.27
23/01/2017 16:30:00,237.3
24/01/2017 16:30:00,233.53
25/01/2017 16:30:00,235.41
26/01/2017 16:30:00,237.47
27/01/2017 16:30:00,235.41
30/01/2017 16:30:00,226.49
31/01/2017 16:30:00,229.06
01/02/2017 16:30:00,229.24
02/02/2017 16:30:00,231.3
03/02/2017 16:30:00,230.27
06/02/2017 16:30:00,233.53
07/02/2017 16:30:00,240.39
08/02/2017 16:30:00,247.08
09/02/2017 16:30:00,246.39
10/02/2017 16:30:00,251.37
13/02/2017 16:30:00,253.94
14/02/2017 16:30:00,243.82
15/02/2017 16:30:00,241.76
16/02/2017 16:30:00,237.99
17/02/2017 16:30:00,228.55
20/02/2017 16:30:00,242.96
21/02/2017 16:30:00,251.37
22/02/2017 16:30:00,257.89
23/02/2017 16:30:00,262.18
24/02/2017 16:30:00,262.01
27/02/2017 16:30:00,263.55
28/02/2017 16:30:00,270.07
01/03/2017 16:30:00,268.53
02/03/2017 16:30:00,266.47
03/03/2017 16:30:00,264.41
06/03/2017 16:30:00,260.81
07/03/2017 16:30:00,259.78
08/03/2017 16:30:00,257.03
09/03/2017 16:30:00,256.52
10/03/2017 16:30:00,258.92
13/03/2017 16:30:00,261.49
14/03/2017 16:30:00,263.21
15/03/2017 16:30:00,265.27
16/03/2017 16:30:00,265.78
17/03/2017 16:30:00,265.1
20/03/2017 16:30:00,265.96
21/03/2017 16:30:00,266.98
22/03/2017 16:30:00,260.12
23/03/2017 16:30:00,258.75
24/03/2017 16:30:00,259.61
27/03/2017 16:30:00,254.97
28/03/2017 16:30:00,258.58
29/03/2017 16:30:00,260.46
30/03/2017 16:30:00,262.87
31/03/2017 16:30:00,258.75
03/04/2017 16:30:00,257.55
04/04/2017 16:30:00,263.04
05/04/2017 16:30:00,267.16
06/04/2017 16:30:00,269.04
07/04/2017 16:30:00,273.51
10/04/2017 16:30:00,273.51
11/04/2017 16:30:00,278.14
12/04/2017 16:30:00,285
13/04/2017 16:30:00,284.31
18/04/2017 16:30:00,279.85
19/04/2017 16:30:00,274.88
20/04/2017 16:30:00,276.25
21/04/2017 16:30:00,276.77
24/04/2017 16:30:00,277.97
25/04/2017 16:30:00,278.82
26/04/2017 16:30:00,283.46
27/04/2017 16:30:00,277.62
28/04/2017 16:30:00,278.65
02/05/2017 16:30:00,282.6
03/05/2017 16:30:00,282.94
04/05/2017 16:30:00,278.82
05/05/2017 16:30:00,292.89
08/05/2017 16:30:00,291.86
09/05/2017 16:30:00,305.42
10/05/2017 16:30:00,300.1
11/05/2017 16:30:00,299.07
12/05/2017 16:30:00,296.33
15/05/2017 16:30:00,293.07
16/05/2017 16:30:00,296.84
17/05/2017 16:30:00,289.12
18/05/2017 16:30:00,291.86
19/05/2017 16:30:00,292.04
22/05/2017 16:30:00,292.89
23/05/2017 16:30:00,295.81
24/05/2017 16:30:00,293.24
25/05/2017 16:30:00,292.21
26/05/2017 16:30:00,299.59
30/05/2017 16:30:00,298.04
31/05/2017 16:30:00,297.7
01/06/2017 16:30:00,303.88
02/06/2017 16:30:00,305.93
05/06/2017 16:30:00,306.96
06/06/2017 16:30:00,306.79
07/06/2017 16:30:00,304.73
08/06/2017 16:30:00,304.73
09/06/2017 16:30:00,311.77
12/06/2017 16:30:00,306.11
13/06/2017 16:30:00,305.93
14/06/2017 16:30:00,307.48
15/06/2017 16:30:00,307.14
16/06/2017 16:30:00,311.43
19/06/2017 16:30:00,317.26
20/06/2017 16:30:00,317.6
21/06/2017 16:30:00,320
22/06/2017 16:30:00,319.32
23/06/2017 16:30:00,323.26
26/06/2017 16:30:00,319.32
27/06/2017 16:30:00,315.37
28/06/2017 16:30:00,312.28
29/06/2017 16:30:00,307.65
30/06/2017 16:30:00,305.76
03/07/2017 16:30:00,307.65
04/07/2017 16:30:00,307.82
05/07/2017 16:30:00,311.77
06/07/2017 16:30:00,314.17
07/07/2017 16:30:00,321.38
10/07/2017 16:30:00,319.83
11/07/2017 16:30:00,316.57
12/07/2017 16:30:00,318.97
13/07/2017 16:30:00,317.77
14/07/2017 16:30:00,313.83
17/07/2017 16:30:00,314.34
18/07/2017 16:30:00,314.34
19/07/2017 16:30:00,317.09
20/07/2017 16:30:00,314.51
21/07/2017 16:30:00,316.4
24/07/2017 16:30:00,317.43
25/07/2017 16:30:00,317.43
26/07/2017 16:30:00,316.06
27/07/2017 16:30:00,319.66
28/07/2017 16:30:00,318.8
31/07/2017 16:30:00,304.73
01/08/2017 16:30:00,335.96
02/08/2017 16:30:00,323.61
03/08/2017 16:30:00,327.73
04/08/2017 16:30:00,330.13
07/08/2017 16:30:00,328.41
08/08/2017 16:30:00,326.01
09/08/2017 16:30:00,322.75
10/08/2017 16:30:00,315.37
11/08/2017 16:30:00,312.28
14/08/2017 16:30:00,310.05
15/08/2017 16:30:00,312.28
16/08/2017 16:30:00,313.31
17/08/2017 16:30:00,312.8
18/08/2017 16:30:00,309.19
21/08/2017 16:30:00,309.54
22/08/2017 16:30:00,314.69
23/08/2017 16:30:00,314.69
24/08/2017 16:30:00,312.28
25/08/2017 16:30:00,311.08
29/08/2017 16:30:00,307.82
30/08/2017 16:30:00,312.11
31/08/2017 16:30:00,313.66
01/09/2017 16:30:00,315.71
04/09/2017 16:30:00,312.8
05/09/2017 16:30:00,309.02
06/09/2017 16:30:00,306.11
07/09/2017 16:30:00,303.36
08/09/2017 16:30:00,306.11
11/09/2017 16:30:00,309.54
12/09/2017 16:30:00,308.85
13/09/2017 16:30:00,309.88
14/09/2017 16:30:00,309.71
15/09/2017 16:30:00,303.88
18/09/2017 16:30:00,305.25
19/09/2017 16:30:00,307.65
20/09/2017 16:30:00,309.02
21/09/2017 16:30:00,304.05
22/09/2017 16:30:00,306.11
25/09/2017 16:30:00,303.19
26/09/2017 16:30:00,299.76
27/09/2017 16:30:00,295.64
28/09/2017 16:30:00,303.36
29/09/2017 16:30:00,304.39
02/10/2017 16:30:00,309.88
03/10/2017 16:30:00,316.06
04/10/2017 16:30:00,317.43
05/10/2017 16:30:00,316.06
06/10/2017 16:30:00,315.54
09/10/2017 16:30:00,315.54
10/10/2017 16:30:00,312.97
11/10/2017 16:30:00,312.63
12/10/2017 16:30:00,315.89
13/10/2017 16:30:00,313.31
16/10/2017 16:30:00,311.25
17/10/2017 16:30:00,311.43
18/10/2017 16:30:00,319.15
19/10/2017 16:30:00,318.12
20/10/2017 16:30:00,317.77
23/10/2017 16:30:00,320.52
24/10/2017 16:30:00,321.38
25/10/2017 16:30:00,322.23
26/10/2017 16:30:00,323.95
27/10/2017 16:30:00,330.99
30/10/2017 16:30:00,331.5
31/10/2017 16:30:00,333.9
01/11/2017 16:30:00,329.44
02/11/2017 16:30:00,331.16
03/11/2017 16:30:00,335.28
06/11/2017 16:30:00,336.65
07/11/2017 16:30:00,334.93
08/11/2017 16:30:00,329.27
09/11/2017 16:30:00,322.23
10/11/2017 16:30:00,318.46
13/11/2017 16:30:00,311.25
14/11/2017 16:30:00,310.4
15/11/2017 16:30:00,311.25
16/11/2017 16:30:00,307.82
17/11/2017 16:30:00,305.08
20/11/2017 16:30:00,307.82
21/11/2017 16:30:00,305.76
22/11/2017 16:30:00,305.08
23/11/2017 16:30:00,305.59
24/11/2017 16:30:00,304.22
27/11/2017 16:30:00,302.85
28/11/2017 16:30:00,298.56
29/11/2017 16:30:00,295.47
30/11/2017 16:30:00,294.1
01/12/2017 16:30:00,287.57
04/12/2017 16:30:00,288.43
05/12/2017 16:30:00,289.98
06/12/2017 16:30:00,288.43
07/12/2017 16:30:00,289.46
08/12/2017 16:30:00,287.75
11/12/2017 16:30:00,284.83
12/12/2017 16:30:00,286.89
13/12/2017 16:30:00,287.4
14/12/2017 16:30:00,282.43
15/12/2017 16:30:00,285.17
18/12/2017 16:30:00,293.58
19/12/2017 16:30:00,295.81
20/12/2017 16:30:00,293.07
21/12/2017 16:30:00,292.72
22/12/2017 13:15:00,294.95
27/12/2017 16:30:00,291.52
28/12/2017 16:30:00,290.49
29/12/2017 13:15:00,290.66
02/01/2018 16:30:00,289.08
03/01/2018 16:30:00,292.1
04/01/2018 16:30:00,294.85
05/01/2018 16:30:00,296.5
08/01/2018 16:30:00,298.08
09/01/2018 16:30:00,297.46
10/01/2018 16:30:00,287.92
11/01/2018 16:30:00,290.73
12/01/2018 16:30:00,295.4
15/01/2018 16:30:00,293.61
16/01/2018 16:30:00,292.93
17/01/2018 16:30:00,308.85
18/01/2018 16:30:00,303.15
19/01/2018 16:30:00,306.38
22/01/2018 16:30:00,300.48
23/01/2018 16:30:00,300.89
24/01/2018 16:30:00,295.67
25/01/2018 16:30:00,289.63
26/01/2018 16:30:00,293.68
29/01/2018 16:30:00,295.81
30/01/2018 16:30:00,294.92
31/01/2018 16:30:00,299.24
01/02/2018 16:30:00,299.24
02/02/2018 16:30:00,296.84
05/02/2018 16:30:00,288.26
06/02/2018 16:30:00,281.4
07/02/2018 16:30:00,284.28
08/02/2018 16:30:00,283.11
09/02/2018 16:30:00,279.34
12/02/2018 16:30:00,283.25
13/02/2018 16:30:00,283.87
14/02/2018 16:30:00,281.6
15/02/2018 16:30:00,288.33
16/02/2018 16:30:00,285.58
19/02/2018 16:30:00,284.62
20/02/2018 16:30:00,288.47
21/02/2018 16:30:00,289.57
22/02/2018 16:30:00,288.12
23/02/2018 16:30:00,287.16
26/02/2018 16:30:00,291.62
27/02/2018 16:30:00,292.52
28/02/2018 16:30:00,288.12
01/03/2018 16:30:00,284.14
02/03/2018 16:30:00,280.51
05/03/2018 16:30:00,281.19
06/03/2018 16:30:00,284.49
07/03/2018 16:30:00,317.09
08/03/2018 16:30:00,316.33
09/03/2018 16:30:00,317.71
12/03/2018 16:30:00,312.63
13/03/2018 16:30:00,310.02
14/03/2018 16:30:00,309.88
15/03/2018 16:30:00,312.15
16/03/2018 16:30:00,309.4
19/03/2018 16:30:00,306.24
20/03/2018 16:30:00,310.02
21/03/2018 16:30:00,306.17
22/03/2018 16:30:00,302.54
23/03/2018 16:30:00,295.54
26/03/2018 16:30:00,297.73
27/03/2018 16:30:00,300.07
28/03/2018 16:30:00,299.52
29/03/2018 16:30:00,299.11
03/04/2018 16:30:00,293.27
04/04/2018 16:30:00,287.57
05/04/2018 16:30:00,296.7
06/04/2018 16:30:00,297.87
09/04/2018 16:30:00,301.58
10/04/2018 16:30:00,304.32
11/04/2018 16:30:00,303.91
12/04/2018 16:30:00,302.4
13/04/2018 16:30:00,297.46
16/04/2018 16:30:00,301.23
17/04/2018 16:30:00,295.33
18/04/2018 16:30:00,298.49
19/04/2018 16:30:00,300.89
20/04/2018 16:30:00,297.25
23/04/2018 16:30:00,292.52
24/04/2018 16:30:00,292.72
25/04/2018 16:30:00,289.15
26/04/2018 16:30:00,289.08
27/04/2018 16:30:00,288.06
30/04/2018 16:30:00,288.26
01/05/2018 16:30:00,287.92
02/05/2018 16:30:00,287.16
03/05/2018 16:30:00,284.83
04/05/2018 16:30:00,286.82
08/05/2018 16:30:00,289.29
09/05/2018 16:30:00,284.83
10/05/2018 16:30:00,282.98
11/05/2018 16:30:00,286.89
14/05/2018 16:30:00,283.32
15/05/2018 16:30:00,288.54
16/05/2018 16:30:00,288.26
17/05/2018 16:30:00,288.12
18/05/2018 16:30:00,294.16
21/05/2018 16:30:00,295.81
22/05/2018 16:30:00,296.84
23/05/2018 16:30:00,292.31
24/05/2018 16:30:00,291.49
25/05/2018 16:30:00,289.43
29/05/2018 16:30:00,283.8
30/05/2018 16:30:00,282.08
31/05/2018 16:30:00,282.98
01/06/2018 16:30:00,287.23
04/06/2018 16:30:00,287.99
05/06/2018 16:30:00,285.86
06/06/2018 16:30:00,284.49
07/06/2018 16:30:00,286.41
08/06/2018 16:30:00,286.68
11/06/2018 16:30:00,285.79
12/06/2018 16:30:00,288.74
13/06/2018 16:30:00,284.35
14/06/2018 16:30:00,302.95
15/06/2018 16:30:00,326.01
18/06/2018 16:30:00,318.25
19/06/2018 16:30:00,314.55
20/06/2018 16:30:00,318.19
21/06/2018 16:30:00,317.77
22/06/2018 16:30:00,322.65
25/06/2018 16:30:00,314.34
26/06/2018 16:30:00,319.15
27/06/2018 16:30:00,329.85
28/06/2018 16:30:00,329.3
29/06/2018 16:30:00,339.12
02/07/2018 16:30:00,334.59
03/07/2018 16:30:00,335.82
04/07/2018 16:30:00,334.52
05/07/2018 16:30:00,338.23
06/07/2018 16:30:00,338.23
09/07/2018 16:30:00,339.46
10/07/2018 16:30:00,341.18
11/07/2018 16:30:00,336.72
12/07/2018 16:30:00,340.08
13/07/2018 16:30:00,340.01
16/07/2018 16:30:00,336.14
17/07/2018 16:30:00,337.27
18/07/2018 16:30:00,338.98
19/07/2018 16:30:00,341.45
20/07/2018 16:30:00,339.74
23/07/2018 16:30:00,337.27
24/07/2018 16:30:00,339.19
25/07/2018 16:30:00,339.6
26/07/2018 16:30:00,341.45
27/07/2018 16:30:00,341.11
30/07/2018 16:30:00,339.81
31/07/2018 16:30:00,340.08
01/08/2018 16:30:00,338.98
02/08/2018 16:30:00,363.07
03/08/2018 16:30:00,375.43
06/08/2018 16:30:00,371.14
07/08/2018 16:30:00,371.82
08/08/2018 16:30:00,373.71
09/08/2018 16:30:00,371.99
10/08/2018 16:30:00,358.27
13/08/2018 16:30:00,355.87
14/08/2018 16:30:00,354.66
15/08/2018 16:30:00,344.88
16/08/2018 16:30:00,348.32
17/08/2018 16:30:00,351.23
20/08/2018 16:30:00,353.29
21/08/2018 16:30:00,351.23
22/08/2018 16:30:00,348.66
23/08/2018 16:30:00,345.57
24/08/2018 16:30:00,346.6
28/08/2018 16:30:00,346.94
29/08/2018 16:30:00,348.66
30/08/2018 16:30:00,348.83
31/08/2018 16:30:00,344.88
03/09/2018 16:30:00,346.43
04/09/2018 16:30:00,343.17
05/09/2018 16:30:00,331.71
06/09/2018 16:30:00,334.31
07/09/2018 16:30:00,332.87
10/09/2018 16:30:00,333.97
11/09/2018 16:30:00,334.59
12/09/2018 16:30:00,330.95
13/09/2018 16:30:00,327.73
14/09/2018 16:30:00,336.72
17/09/2018 16:30:00,337.27
18/09/2018 16:30:00,335.76
19/09/2018 16:30:00,339.05
20/09/2018 16:30:00,341.66
21/09/2018 16:30:00,340.49
24/09/2018 16:30:00,342.28
25/09/2018 16:30:00,339.6
26/09/2018 16:30:00,339.87
27/09/2018 16:30:00,331.5
28/09/2018 16:30:00,338.84
01/10/2018 16:30:00,337.54
02/10/2018 16:30:00,337.61
03/10/2018 16:30:00,337.4
04/10/2018 16:30:00,332.32
05/10/2018 16:30:00,329.51
08/10/2018 16:30:00,316.4
09/10/2018 16:30:00,319.08
10/10/2018 16:30:00,304.12
11/10/2018 16:30:00,299.11
12/10/2018 16:30:00,300.55
15/10/2018 16:30:00,297.39
16/10/2018 16:30:00,308.1
17/10/2018 16:30:00,306.17
18/10/2018 16:30:00,299.72
19/10/2018 16:30:00,299.24
22/10/2018 16:30:00,295.26
23/10/2018 16:30:00,288.74
24/10/2018 16:30:00,288.26
25/10/2018 16:30:00,299.24
26/10/2018 16:30:00,293.41
29/10/2018 16:30:00,285.31
30/10/2018 16:30:00,281.4
31/10/2018 16:30:00,287.92
01/11/2018 16:30:00,287.51
02/11/2018 16:30:00,286.2
05/11/2018 16:30:00,282.43
06/11/2018 16:30:00,284.28
07/11/2018 16:30:00,287.71
08/11/2018 16:30:00,286
09/11/2018 16:30:00,279.48
12/11/2018 16:30:00,281.54
13/11/2018 16:30:00,281.81
14/11/2018 16:30:00,277.28
15/11/2018 16:30:00,277.83
16/11/2018 16:30:00,275.98
19/11/2018 16:30:00,273.44
20/11/2018 16:30:00,269.39
21/11/2018 16:30:00,279.48
22/11/2018 16:30:00,274.4
23/11/2018 16:30:00,278.79
26/11/2018 16:30:00,288.12
27/11/2018 16:30:00,286.89
28/11/2018 16:30:00,285.31
29/11/2018 16:30:00,290.87
30/11/2018 16:30:00,291.56
03/12/2018 16:30:00,303.02
04/12/2018 16:30:00,294.1
05/12/2018 16:30:00,284.62
06/12/2018 16:30:00,272.89
07/12/2018 16:30:00,270.55
10/12/2018 16:30:00,260.53
11/12/2018 16:30:00,267.95
12/12/2018 16:30:00,280.03
13/12/2018 16:30:00,280.71
14/12/2018 16:30:00,277.49
17/12/2018 16:30:00,277.21
18/12/2018 16:30:00,278.38
19/12/2018 16:30:00,281.6
20/12/2018 16:30:00,275.84
21/12/2018 16:30:00,277.97
24/12/2018 12:30:00,274.88
27/12/2018 16:30:00,277.55
28/12/2018 16:30:00,280.57
31/12/2018 12:30:00,284.83
02/01/2019 16:30:00,277.76
03/01/2019 16:30:00,270.49
04/01/2019 16:30:00,283.39
07/01/2019 16:30:00,277.83
08/01/2019 16:30:00,291.69
09/01/2019 16:30:00,296.77
10/01/2019 16:30:00,295.06
11/01/2019 16:30:00,298.9
14/01/2019 16:30:00,296.29
15/01/2019 16:30:00,304.05
16/01/2019 16:30:00,304.05
17/01/2019 16:30:00,296.5
18/01/2019 16:30:00,307.2
21/01/2019 16:30:00,308.85
22/01/2019 16:30:00,305.49
23/01/2019 16:30:00,299.72
24/01/2019 16:30:00,299.59
25/01/2019 16:30:00,298.14
28/01/2019 16:30:00,294.51
29/01/2019 16:30:00,299.04
30/01/2019 16:30:00,304.12
31/01/2019 16:30:00,303.5
01/02/2019 16:30:00,308.85
04/02/2019 16:30:00,308.17
05/02/2019 16:30:00,314
06/02/2019 16:30:00,312.15
07/02/2019 16:30:00,309.81
08/02/2019 16:30:00,309.4
11/02/2019 16:30:00,313.79
12/02/2019 16:30:00,313.52
13/02/2019 16:30:00,323.13
14/02/2019 16:30:00,325.6
15/02/2019 16:30:00,333.35
18/02/2019 16:30:00,333.56
19/02/2019 16:30:00,334.52
20/02/2019 16:30:00,339.19
21/02/2019 16:30:00,336.85
22/02/2019 16:30:00,336.92
25/02/2019 16:30:00,335.48
26/02/2019 16:30:00,334.93
27/02/2019 16:30:00,337.27
28/02/2019 16:30:00,327.73
01/03/2019 16:30:00,310.57
04/03/2019 16:30:00,307.2
05/03/2019 16:30:00,313.31
06/03/2019 16:30:00,308.85
07/03/2019 16:30:00,308.85
08/03/2019 16:30:00,302.61
11/03/2019 16:30:00,303.84
12/03/2019 16:30:00,304.46
13/03/2019 16:30:00,305.15
14/03/2019 16:30:00,308.37
15/03/2019 16:30:00,308.03
18/03/2019 16:30:00,311.73
19/03/2019 16:30:00,315.3
20/03/2019 16:30:00,316.2
21/03/2019 16:30:00,317.43
22/03/2019 16:30:00,310.22
25/03/2019 16:30:00,307.14
26/03/2019 16:30:00,305.97
27/03/2019 16:30:00,306.04
28/03/2019 16:30:00,308.71
29/03/2019 16:30:00,309.95
01/04/2019 16:30:00,314.75
02/04/2019 16:30:00,311.25
03/04/2019 16:30:00,312.28
04/04/2019 16:30:00,310.22
05/04/2019 16:30:00,318.05
08/04/2019 16:30:00,312.56
09/04/2019 16:30:00,308.44
10/04/2019 16:30:00,305.08
11/04/2019 16:30:00,301.99
12/04/2019 16:30:00,306.04
15/04/2019 16:30:00,305.76
16/04/2019 16:30:00,309.26
17/04/2019 16:30:00,311.25
18/04/2019 16:30:00,311.53
23/04/2019 16:30:00,314.07
24/04/2019 16:30:00,316.47
25/04/2019 16:30:00,318.12
26/04/2019 16:30:00,314.34
29/04/2019 16:30:00,316.68
30/04/2019 16:30:00,313.86
01/05/2019 16:30:00,314.27
02/05/2019 16:30:00,316.2
03/05/2019 16:30:00,320.59
07/05/2019 16:30:00,313.18
08/05/2019 16:30:00,313.79
09/05/2019 16:30:00,313.59
10/05/2019 16:30:00,315.23
13/05/2019 16:30:00,308.1
14/05/2019 16:30:00,311.46
15/05/2019 16:30:00,314.34
16/05/2019 16:30:00,320.73
17/05/2019 16:30:00,321.55
20/05/2019 16:30:00,322.99
21/05/2019 16:30:00,315.03
22/05/2019 16:30:00,315.51
23/05/2019 16:30:00,305.42
24/05/2019 14:00:00,304.8
28/05/2019 16:30:00,300
29/05/2019 16:30:00,296.5
30/05/2019 16:30:00,298.69
31/05/2019 16:30:00,295.12
03/06/2019 16:30:00,297.66
04/06/2019 16:30:00,301.64
05/06/2019 16:30:00,303.02
06/06/2019 16:30:00,306.79
07/06/2019 16:30:00,312.08
10/06/2019 16:30:00,308.92
11/06/2019 16:30:00,309.54
12/06/2019 16:30:00,306.66
13/06/2019 16:30:00,307.82
14/06/2019 16:30:00,306.04
17/06/2019 16:30:00,311.25
18/06/2019 16:30:00,317.02
19/06/2019 16:30:00,311.73
20/06/2019 16:30:00,313.31
21/06/2019 16:30:00,302.67
24/06/2019 16:30:00,304.39
25/06/2019 16:30:00,300
26/06/2019 16:30:00,291.76
27/06/2019 16:30:00,289.7
28/06/2019 16:30:00,288.4
01/07/2019 16:30:00,294.23
02/07/2019 16:30:00,294.37
03/07/2019 16:30:00,299.79
04/07/2019 16:30:00,299.45
05/07/2019 16:30:00,296.43
08/07/2019 16:30:00,292.79
09/07/2019 16:30:00,293.41
10/07/2019 16:30:00,290.18
11/07/2019 16:30:00,289.5
12/07/2019 16:30:00,290.59
15/07/2019 16:30:00,292.52
16/07/2019 16:30:00,297.12
17/07/2019 16:30:00,298.56
18/07/2019 16:30:00,293.75
19/07/2019 16:30:00,296.22
22/07/2019 16:30:00,297.46
23/07/2019 16:30:00,301.03
24/07/2019 16:30:00,299.86
25/07/2019 16:30:00,297.87
26/07/2019 16:30:00,298.01
29/07/2019 16:30:00,304.39
30/07/2019 16:30:00,305.83
31/07/2019 16:30:00,295.81
01/08/2019 16:30:00,294.16
02/08/2019 16:30:00,284.28
05/08/2019 16:30:00,279.68
06/08/2019 16:30:00,260.46
07/08/2019 16:30:00,250.51
08/08/2019 16:30:00,265.47
09/08/2019 16:30:00,267.47
12/08/2019 16:30:00,258.13
13/08/2019 16:30:00,258.27
14/08/2019 16:30:00,258.06
15/08/2019 16:30:00,258.61
16/08/2019 16:30:00,258.75
19/08/2019 16:30:00,261.77
20/08/2019 16:30:00,263.9
21/08/2019 16:30:00,269.11
22/08/2019 16:30:00,261.29
23/08/2019 16:30:00,257.38
27/08/2019 16:30:00,256.9
28/08/2019 16:30:00,255.66
29/08/2019 16:30:00,258.82
30/08/2019 16:30:00,264.65
02/09/2019 16:30:00,265.54
03/09/2019 16:30:00,262.52
04/09/2019 16:30:00,263.9
05/09/2019 16:30:00,266.37
06/09/2019 16:30:00,270.07
09/09/2019 16:30:00,269.87
10/09/2019 16:30:00,279.48
11/09/2019 16:30:00,285.52
12/09/2019 16:30:00,284.56
13/09/2019 16:30:00,285.45
16/09/2019 16:30:00,276.46
17/09/2019 16:30:00,277.97
18/09/2019 16:30:00,275.56
19/09/2019 16:30:00,277.9
20/09/2019 16:30:00,272.06
23/09/2019 16:30:00,265.96
24/09/2019 16:30:00,266.09
25/09/2019 16:30:00,267.95
26/09/2019 16:30:00,269.59
27/09/2019 16:30:00,271.79
30/09/2019 16:30:00,271.93
01/10/2019 16:30:00,266.09
02/10/2019 16:30:00,253.94
03/10/2019 16:30:00,247.77
04/10/2019 16:30:00,250.51
07/10/2019 16:30:00,251.2
08/10/2019 16:30:00,249.28
09/10/2019 16:30:00,251.06
10/10/2019 16:30:00,251.89
11/10/2019 16:30:00,255.04
14/10/2019 16:30:00,258.2
15/10/2019 16:30:00,256.07
16/10/2019 16:30:00,254.56
17/10/2019 16:30:00,250.38
18/10/2019 16:30:00,244.2
21/10/2019 16:30:00,242.41
22/10/2019 16:30:00,248.73
23/10/2019 16:30:00,249.35
24/10/2019 16:30:00,240.9
25/10/2019 16:30:00,244.61
28/10/2019 16:30:00,247.56
29/10/2019 16:30:00,245.5
30/10/2019 16:30:00,244.47
31/10/2019 16:30:00,243.31
01/11/2019 16:30:00,248.66
04/11/2019 16:30:00,252.64
05/11/2019 16:30:00,263.9
06/11/2019 16:30:00,266.44
07/11/2019 16:30:00,267.53
08/11/2019 16:30:00,266.57
11/11/2019 16:30:00,253.81
12/11/2019 16:30:00,255.32
13/11/2019 16:30:00,252.57
14/11/2019 16:30:00,250.38
15/11/2019 16:30:00,251.61
18/11/2019 16:30:00,250.03
19/11/2019 16:30:00,250.24
20/11/2019 16:30:00,247.08
21/11/2019 16:30:00,245.37
22/11/2019 16:30:00,251.61
25/11/2019 16:30:00,254.63
26/11/2019 16:30:00,254.29
27/11/2019 16:30:00,245.64
28/11/2019 16:30:00,246.6
29/11/2019 16:30:00,244.2
02/12/2019 16:30:00,239.05
03/12/2019 16:30:00,237.54
04/12/2019 16:30:00,240.84
05/12/2019 16:30:00,241.25
06/12/2019 16:30:00,246.26
09/12/2019 16:30:00,248.8
10/12/2019 16:30:00,240.56
11/12/2019 16:30:00,241.38
12/12/2019 16:30:00,241.73
13/12/2019 16:30:00,235.55
16/12/2019 16:30:00,241.93
17/12/2019 16:30:00,236.79
18/12/2019 16:30:00,239.67
19/12/2019 16:30:00,238.78
20/12/2019 16:30:00,238.78
23/12/2019 16:30:00,241.73
24/12/2019 12:30:00,239.53
27/12/2019 16:30:00,240.7
30/12/2019 16:30:00,236.03
31/12/2019 12:30:00,234.45
02/01/2020 16:30:00,233.77
03/01/2020 16:30:00,232.6
06/01/2020 16:30:00,232.32
07/01/2020 16:30:00,229.31
08/01/2020 16:30:00,228.41
09/01/2020 16:30:00,235.21
10/01/2020 16:30:00,234.25
13/01/2020 16:30:00,231.84
14/01/2020 16:30:00,231.16
15/01/2020 16:30:00,232.26
16/01/2020 16:30:00,232.46
17/01/2020 16:30:00,231.91
20/01/2020 16:30:00,228
21/01/2020 16:30:00,227.86
22/01/2020 16:30:00,222.72
23/01/2020 16:30:00,223.88
24/01/2020 16:30:00,225.8
27/01/2020 16:30:00,218.46
28/01/2020 16:30:00,223.4
29/01/2020 16:30:00,231.09
30/01/2020 16:30:00,231.3
31/01/2020 16:30:00,229.92
03/02/2020 16:30:00,231.71
04/02/2020 16:30:00,235.21
05/02/2020 16:30:00,235.62
06/02/2020 16:30:00,238.02
07/02/2020 16:30:00,235.76
10/02/2020 16:30:00,237.47
11/02/2020 16:30:00,239.19
12/02/2020 16:30:00,239.87
13/02/2020 16:30:00,229.03
14/02/2020 16:30:00,232.39
17/02/2020 16:30:00,234.38
18/02/2020 16:30:00,231.64
19/02/2020 16:30:00,227.25
20/02/2020 16:30:00,228.07
21/02/2020 16:30:00,221.55
24/02/2020 16:30:00,215.65
25/02/2020 16:30:00,209.13
26/02/2020 16:30:00,211.6
27/02/2020 16:30:00,206.11
28/02/2020 16:30:00,212.76
02/03/2020 16:30:00,211.32
03/03/2020 16:30:00,218.19
04/03/2020 16:30:00,208.44
05/03/2020 16:30:00,201.51
06/03/2020 16:30:00,201.85
09/03/2020 16:30:00,194.99
10/03/2020 16:30:00,191.28
11/03/2020 16:30:00,184.49
12/03/2020 16:30:00,154.84
13/03/2020 16:30:00,164.72
16/03/2020 16:30:00,147.56
17/03/2020 16:30:00,133.32
18/03/2020 16:30:00,118.87
19/03/2020 16:30:00,125.36
20/03/2020 16:30:00,123.33
23/03/2020 16:30:00,115.34
24/03/2020 16:30:00,120.14
25/03/2020 16:30:00,136.24
26/03/2020 16:30:00,139.05
27/03/2020 16:30:00,125.15
30/03/2020 16:30:00,110.26
31/03/2020 16:30:00,116.88
01/04/2020 16:30:00,104.67
02/04/2020 16:30:00,95.5
03/04/2020 16:30:00,86.34
06/04/2020 16:30:00,102.16
07/04/2020 16:30:00,115.2
08/04/2020 16:30:00,111.94
09/04/2020 16:30:00,120.18
14/04/2020 16:30:00,115.13
15/04/2020 16:30:00,106.38
16/04/2020 16:30:00,106.07
17/04/2020 16:30:00,114.79
20/04/2020 16:30:00,112.35
21/04/2020 16:30:00,105.49
22/04/2020 16:30:00,107.27
23/04/2020 16:30:00,108.99
24/04/2020 16:30:00,106.45
27/04/2020 16:30:00,105.63
28/04/2020 16:30:00,109.64
29/04/2020 16:30:00,122.72
30/04/2020 16:30:00,113.25
01/05/2020 16:30:00,107.45
04/05/2020 16:30:00,100
05/05/2020 16:30:00,102.95
06/05/2020 16:30:00,100.79
07/05/2020 16:30:00,98.52
11/05/2020 16:30:00,96.98
12/05/2020 16:30:00,95.74
13/05/2020 16:30:00,88.5
14/05/2020 16:30:00,84.76
15/05/2020 16:30:00,85.69
18/05/2020 16:30:00,93.41
19/05/2020 16:30:00,91.83
20/05/2020 16:30:00,93.93
21/05/2020 16:30:00,97.22
22/05/2020 16:30:00,96.29
26/05/2020 16:30:00,108.03
27/05/2020 16:30:00,118.77
28/05/2020 16:30:00,109.47
29/05/2020 16:30:00,93.2
01/06/2020 16:30:00,98.32
02/06/2020 16:30:00,103.09
03/06/2020 16:30:00,112.63
04/06/2020 16:30:00,111.19
05/06/2020 16:30:00,122.13
08/06/2020 16:30:00,136.72
09/06/2020 16:30:00,126.97
10/06/2020 16:30:00,121.24
11/06/2020 16:30:00,110.36
12/06/2020 16:30:00,112.39
15/06/2020 16:30:00,111.12
16/06/2020 16:30:00,115.37
17/06/2020 16:30:00,113.97
18/06/2020 16:30:00,115.13
19/06/2020 16:30:00,114.69
22/06/2020 16:30:00,109.57
23/06/2020 16:30:00,109.06
24/06/2020 16:30:00,103.02
25/06/2020 16:30:00,101.37
26/06/2020 16:30:00,97.8
29/06/2020 16:30:00,99.38
30/06/2020 16:30:00,97.94
01/07/2020 16:30:00,98.01
02/07/2020 16:30:00,100.38
03/07/2020 16:30:00,90.32
06/07/2020 16:30:00,96.4
07/07/2020 16:30:00,95.23
08/07/2020 16:30:00,98.76
09/07/2020 16:30:00,87.95
10/07/2020 16:30:00,91.52
13/07/2020 16:30:00,91.9
14/07/2020 16:30:00,88.61
15/07/2020 16:30:00,93.41
16/07/2020 16:30:00,91.87
17/07/2020 16:30:00,90.73
20/07/2020 16:30:00,90.87
21/07/2020 16:30:00,98.01
22/07/2020 16:30:00,96.6
23/07/2020 16:30:00,93.2
24/07/2020 16:30:00,92
27/07/2020 16:30:00,89.22
28/07/2020 16:30:00,90.12
29/07/2020 16:30:00,86.86
30/07/2020 16:30:00,84.18
31/07/2020 16:30:00,79.48
03/08/2020 16:30:00,79.07
04/08/2020 16:30:00,84.18
05/08/2020 16:30:00,88.71
06/08/2020 16:30:00,86.86
07/08/2020 16:30:00,86.68
10/08/2020 16:30:00,91.18
11/08/2020 16:30:00,93.93
12/08/2020 16:30:00,93.14
13/08/2020 16:30:00,91.87
14/08/2020 16:30:00,88.23
17/08/2020 16:30:00,88.3
18/08/2020 16:30:00,87.51
19/08/2020 16:30:00,90.01
20/08/2020 16:30:00,87.85
21/08/2020 16:30:00,88.64
24/08/2020 16:30:00,89.74
25/08/2020 16:30:00,88.26
26/08/2020 16:30:00,86.82
27/08/2020 16:30:00,85.79
28/08/2020 16:30:00,82.74
01/09/2020 16:30:00,70.93
02/09/2020 16:30:00,74.67
03/09/2020 16:30:00,74.91
04/09/2020 16:30:00,74.64
07/09/2020 16:30:00,77.38
08/09/2020 16:30:00,75.12
09/09/2020 16:30:00,72.31
10/09/2020 16:30:00,71.48
11/09/2020 16:30:00,72.07
14/09/2020 16:30:00,72.17
15/09/2020 16:30:00,69.77
16/09/2020 16:30:00,66.01
17/09/2020 16:30:00,65.17
18/09/2020 16:30:00,61.82
21/09/2020 16:30:00,55.15
22/09/2020 16:30:00,55.15
23/09/2020 16:30:00,55.73
24/09/2020 16:30:00,51.51
25/09/2020 16:30:00,53.11
28/09/2020 16:30:00,51.22
29/09/2020 16:30:00,48.18
30/09/2020 16:30:00,44.61
01/10/2020 16:30:00,40.08
02/10/2020 16:30:00,38.98
05/10/2020 16:30:00,42.35
06/10/2020 16:30:00,51.48
07/10/2020 16:30:00,53.76
08/10/2020 16:30:00,67.04
09/10/2020 16:30:00,76.6
12/10/2020 16:30:00,66.87
13/10/2020 16:30:00,62.83
14/10/2020 16:30:00,61.77
15/10/2020 16:30:00,66.95
16/10/2020 16:30:00,76.15
19/10/2020 16:30:00,75.5
20/10/2020 16:30:00,77.9
21/10/2020 16:30:00,77.08
22/10/2020 16:30:00,77.86
23/10/2020 16:30:00,83.63
26/10/2020 16:30:00,77.59
27/10/2020 16:30:00,75.15
28/10/2020 16:30:00,84.54
29/10/2020 16:30:00,72.4
30/10/2020 16:30:00,71.32
02/11/2020 16:30:00,76.56
03/11/2020 16:30:00,84
04/11/2020 16:30:00,83.9
05/11/2020 16:30:00,74.52
06/11/2020 16:30:00,69.56
09/11/2020 16:30:00,100
10/11/2020 16:30:00,107
11/11/2020 16:30:00,98.42
12/11/2020 16:30:00,90
13/11/2020 16:30:00,93.7
16/11/2020 16:30:00,103
17/11/2020 16:30:00,102.7
18/11/2020 16:30:00,102.6
19/11/2020 16:30:00,98.56
20/11/2020 16:30:00,99.44
23/11/2020 16:30:00,107
24/11/2020 16:30:00,115.75
25/11/2020 16:30:00,110.9
26/11/2020 16:30:00,108.3
27/11/2020 16:30:00,107.65
30/11/2020 16:30:00,105.7
01/12/2020 16:30:00,112.1
02/12/2020 16:30:00,116.75
03/12/2020 16:30:00,134.9
04/12/2020 16:30:00,130.25
07/12/2020 16:30:00,130.85
08/12/2020 16:30:00,126.25
09/12/2020 16:30:00,129.65
10/12/2020 16:30:00,127
11/12/2020 16:30:00,117
14/12/2020 16:30:00,118.75
15/12/2020 16:30:00,115.3
16/12/2020 16:30:00,114.8
17/12/2020 16:30:00,112.45
18/12/2020 16:30:00,113.95
21/12/2020 16:30:00,110.25
22/12/2020 16:30:00,112.65
23/12/2020 16:30:00,115.6
24/12/2020 12:30:00,115.75
29/12/2020 16:30:00,112.85
30/12/2020 16:30:00,112.05
31/12/2020 12:30:00,111.25
04/01/2021 16:30:00,103.2
05/01/2021 16:30:00,107.75
06/01/2021 16:30:00,111.05
07/01/2021 16:30:00,111.1
08/01/2021 16:30:00,107.3
11/01/2021 16:30:00,105.75
12/01/2021 16:30:00,107.75
13/01/2021 16:30:00,105.6
14/01/2021 16:30:00,106.65
15/01/2021 16:30:00,105.9
18/01/2021 16:30:00,104.25
19/01/2021 16:30:00,104.65
20/01/2021 16:30:00,107.4
21/01/2021 16:30:00,103.3
22/01/2021 16:30:00,102.95
25/01/2021 16:30:00,98
26/01/2021 16:30:00,96.32
27/01/2021 16:30:00,95.16
28/01/2021 16:30:00,96.94
29/01/2021 16:30:00,91.7
01/02/2021 16:30:00,94.1
02/02/2021 16:30:00,94.76
03/02/2021 16:30:00,91.88
04/02/2021 16:30:00,93.9
05/02/2021 16:30:00,93.9
08/02/2021 16:30:00,93
09/02/2021 16:30:00,91.58
10/02/2021 16:30:00,92.8
11/02/2021 16:30:00,92.6
12/02/2021 16:30:00,92.86
15/02/2021 16:30:00,96.08
16/02/2021 16:30:00,99.94
17/02/2021 16:30:00,102.3
18/02/2021 16:30:00,93.34
19/02/2021 16:30:00,98.66
22/02/2021 16:30:00,105.45
23/02/2021 16:30:00,106.65
24/02/2021 16:30:00,111.9
25/02/2021 16:30:00,112.05
26/02/2021 16:30:00,107.7
01/03/2021 16:30:00,111.4
02/03/2021 16:30:00,110.15
03/03/2021 16:30:00,114.45
04/03/2021 16:30:00,114.35
05/03/2021 16:30:00,108.55
08/03/2021 16:30:00,116.5
09/03/2021 16:30:00,113.85
10/03/2021 16:30:00,113
11/03/2021 16:30:00,113.8
12/03/2021 16:30:00,114.85
15/03/2021 16:30:00,118
16/03/2021 16:30:00,122.85
17/03/2021 16:30:00,127.2
18/03/2021 16:30:00,124.55
19/03/2021 16:30:00,117
22/03/2021 16:30:00,111.9
23/03/2021 16:30:00,105.3
24/03/2021 16:30:00,108
25/03/2021 16:30:00,106.05
26/03/2021 16:30:00,106.2
29/03/2021 16:30:00,106.05
30/03/2021 16:30:00,108.55
31/03/2021 16:30:00,105.3
01/04/2021 16:30:00,108.92
06/04/2021 16:30:00,111.76
07/04/2021 16:30:00,111.88
08/04/2021 16:30:00,111.12
09/04/2021 16:30:00,111.88
12/04/2021 16:30:00,108.22
13/04/2021 16:30:00,107.7
14/04/2021 16:30:00,107.74
15/04/2021 16:30:00,107
16/04/2021 16:30:00,104.56
19/04/2021 16:30:00,105.18
20/04/2021 16:30:00,99.28
21/04/2021 16:30:00,99.87
22/04/2021 16:30:00,102.82
23/04/2021 16:30:00,101.76
26/04/2021 16:30:00,107.82
27/04/2021 16:30:00,102.94
28/04/2021 16:30:00,102.76
29/04/2021 16:30:00,102.02
30/04/2021 16:30:00,104.62
04/05/2021 16:30:00,101.22
05/05/2021 16:30:00,101.76
06/05/2021 16:30:00,103.4
07/05/2021 16:30:00,106.74
10/05/2021 16:30:00,109.68
11/05/2021 16:30:00,104.34
12/05/2021 16:30:00,104.86
13/05/2021 16:30:00,104.3
14/05/2021 16:30:00,107.64
17/05/2021 16:30:00,102.98
18/05/2021 16:30:00,102.94
19/05/2021 16:30:00,103.36
20/05/2021 16:30:00,103.26
21/05/2021 16:30:00,105.2
24/05/2021 16:30:00,105.72
25/05/2021 16:30:00,105.42
26/05/2021 16:30:00,103.04
27/05/2021 16:30:00,107.06
28/05/2021 16:30:00,107.02
01/06/2021 16:30:00,108.94
02/06/2021 16:30:00,112.3
03/06/2021 16:30:00,109.68
04/06/2021 16:30:00,107.32
07/06/2021 16:30:00,110.12
08/06/2021 16:30:00,111.4
09/06/2021 16:30:00,112.56
10/06/2021 16:30:00,111.04
11/06/2021 16:30:00,111.94
14/06/2021 16:30:00,107.36
15/06/2021 16:30:00,108
16/06/2021 16:30:00,110
17/06/2021 16:30:00,111.92
18/06/2021 16:30:00,107.52
21/06/2021 16:30:00,109.26
22/06/2021 16:30:00,108.2
23/06/2021 16:30:00,109.44
24/06/2021 16:30:00,107.78
25/06/2021 16:30:00,106.5
28/06/2021 16:30:00,100.5
29/06/2021 16:30:00,98.58
30/06/2021 16:30:00,98.92
01/07/2021 16:30:00,100.86
02/07/2021 16:30:00,102.58
05/07/2021 16:30:00,104.98
06/07/2021 16:30:00,103.66
07/07/2021 16:30:00,100.88
08/07/2021 16:30:00,100.72
09/07/2021 16:30:00,101
12/07/2021 16:30:00,95.74
13/07/2021 16:30:00,93.61
14/07/2021 16:30:00,92.76
15/07/2021 16:30:00,91.14
16/07/2021 16:30:00,93.06
19/07/2021 16:30:00,87
20/07/2021 16:30:00,90.02
21/07/2021 16:30:00,97
22/07/2021 16:30:00,95.28
23/07/2021 16:30:00,95.63
26/07/2021 16:30:00,97.02
27/07/2021 16:30:00,98.27
28/07/2021 16:30:00,101.7
29/07/2021 16:30:00,102.18
30/07/2021 16:30:00,99.71
02/08/2021 16:30:00,103.48
03/08/2021 16:30:00,103.14
04/08/2021 16:30:00,104.54
05/08/2021 16:30:00,110.68
06/08/2021 16:30:00,112.42
09/08/2021 16:30:00,109.08
10/08/2021 16:30:00,110.02
11/08/2021 16:30:00,111.6
12/08/2021 16:30:00,109.56
13/08/2021 16:30:00,111.18
16/08/2021 16:30:00,109.7
17/08/2021 16:30:00,111.46
18/08/2021 16:30:00,113
19/08/2021 16:30:00,111.22
20/08/2021 16:30:00,110.16
23/08/2021 16:30:00,113.74
24/08/2021 16:30:00,118.28
25/08/2021 16:30:00,116.48
26/08/2021 16:30:00,116.06
27/08/2021 16:30:00,116.74
31/08/2021 16:30:00,114.86
01/09/2021 16:30:00,114.94
02/09/2021 16:30:00,114.24
03/09/2021 16:30:00,111.7
06/09/2021 16:30:00,112.04
07/09/2021 16:30:00,110.88
08/09/2021 16:30:00,111.26
09/09/2021 16:30:00,111.02
10/09/2021 16:30:00,109.18
13/09/2021 16:30:00,111.94
14/09/2021 16:30:00,109.16
15/09/2021 16:30:00,105.5
16/09/2021 16:30:00,109.06
17/09/2021 16:30:00,111
20/09/2021 16:30:00,115.7
21/09/2021 16:30:00,119.58
22/09/2021 16:30:00,122.18
23/09/2021 16:30:00,126.94
24/09/2021 16:30:00,132.5
27/09/2021 16:30:00,147.48
28/09/2021 16:30:00,142.66
29/09/2021 16:30:00,144.6
30/09/2021 16:30:00,140.14
01/10/2021 16:30:00,142.88
04/10/2021 16:30:00,142.14
05/10/2021 16:30:00,144.04
06/10/2021 16:30:00,140.5
07/10/2021 16:30:00,141.22
08/10/2021 16:30:00,143.7
11/10/2021 16:30:00,145.48
12/10/2021 16:30:00,143.9
13/10/2021 16:30:00,143.32
14/10/2021 16:30:00,143.44
15/10/2021 16:30:00,144.56
18/10/2021 16:30:00,142.64
19/10/2021 16:30:00,139.44
20/10/2021 16:30:00,138.28
21/10/2021 16:30:00,138
22/10/2021 16:30:00,135.1
25/10/2021 16:30:00,132.54
26/10/2021 16:30:00,134.96
27/10/2021 16:30:00,133.92
28/10/2021 16:30:00,132.02
29/10/2021 16:30:00,131.84
01/11/2021 16:30:00,133.42
02/11/2021 16:30:00,132.9
03/11/2021 16:30:00,132.6
04/11/2021 16:30:00,135.08
05/11/2021 16:30:00,142.94
08/11/2021 16:30:00,141.76
09/11/2021 16:30:00,146.86
10/11/2021 16:30:00,147.2
11/11/2021 16:30:00,145.4
12/11/2021 16:30:00,143.28
15/11/2021 16:30:00,144
16/11/2021 16:30:00,143.92
17/11/2021 16:30:00,140.44
18/11/2021 16:30:00,141.48
19/11/2021 16:30:00,136
22/11/2021 16:30:00,135.82
23/11/2021 16:30:00,135.86
24/11/2021 16:30:00,135.02
25/11/2021 16:30:00,137.54
26/11/2021 16:30:00,121.56
29/11/2021 16:30:00,122.5
30/11/2021 16:30:00,122.5
01/12/2021 16:30:00,126.14
02/12/2021 16:30:00,125.44
03/12/2021 16:30:00,124.9
06/12/2021 16:30:00,129.7
07/12/2021 16:30:00,131.8
08/12/2021 16:30:00,128.64
09/12/2021 16:30:00,124.3
10/12/2021 16:30:00,122.8
13/12/2021 16:30:00,116.94
14/12/2021 16:30:00,117.14
15/12/2021 16:30:00,113.02
16/12/2021 16:30:00,113.38
17/12/2021 16:30:00,114.3
20/12/2021 16:30:00,110.48
21/12/2021 16:30:00,114.56
22/12/2021 16:30:00,118.34
23/12/2021 16:30:00,120.84
24/12/2021 12:30:00,121.62
29/12/2021 16:30:00,121.88
30/12/2021 16:30:00,123.08
31/12/2021 12:30:00,122.88
04/01/2022 16:30:00,127.08
05/01/2022 16:30:00,128.54
06/01/2022 16:30:00,126.28
07/01/2022 16:30:00,127.14
10/01/2022 16:30:00,127.66
11/01/2022 16:30:00,127
12/01/2022 16:30:00,126.88
13/01/2022 16:30:00,127.7
14/01/2022 16:30:00,125.24
17/01/2022 16:30:00,125.9
18/01/2022 16:30:00,125.66
19/01/2022 16:30:00,123.14
20/01/2022 16:30:00,123.72
21/01/2022 16:30:00,119.72
24/01/2022 16:30:00,113
25/01/2022 16:30:00,115.84
26/01/2022 16:30:00,117.68
27/01/2022 16:30:00,115.5
28/01/2022 16:30:00,113.02
31/01/2022 16:30:00,114.5
01/02/2022 16:30:00,117.22
02/02/2022 16:30:00,115.2
03/02/2022 16:30:00,116.66
04/02/2022 16:30:00,113.6
07/02/2022 16:30:00,115.58
08/02/2022 16:30:00,117.22
09/02/2022 16:30:00,119.86
10/02/2022 16:30:00,122.72
11/02/2022 16:30:00,120.9
14/02/2022 16:30:00,117.7
15/02/2022 16:30:00,120.32
16/02/2022 16:30:00,121.72
17/02/2022 16:30:00,118.02
18/02/2022 16:30:00,117.06
21/02/2022 16:30:00,114.72
22/02/2022 16:30:00,118.02
23/02/2022 16:30:00,117.7
24/02/2022 16:30:00,102.38
25/02/2022 16:30:00,106.08
28/02/2022 16:30:00,103.5
01/03/2022 16:30:00,92
02/03/2022 16:30:00,98.23
03/03/2022 16:30:00,95
04/03/2022 16:30:00,90.23
07/03/2022 16:30:00,88.21
08/03/2022 16:30:00,91.38
09/03/2022 16:30:00,94.38
10/03/2022 16:30:00,91.73
11/03/2022 16:30:00,93.51
14/03/2022 16:30:00,93.78
15/03/2022 16:30:00,92.27
16/03/2022 16:30:00,94.38
17/03/2022 16:30:00,94.18
18/03/2022 16:30:00,93.18
21/03/2022 16:30:00,93.1
22/03/2022 16:30:00,94.79
23/03/2022 16:30:00,92.06
24/03/2022 16:30:00,92.3
25/03/2022 16:30:00,110.14
28/03/2022 16:30:00,98.38
29/03/2022 16:30:00,102.38
30/03/2022 16:30:00,103.06
31/03/2022 16:30:00,101.1
01/04/2022 16:30:00,99.37
04/04/2022 16:30:00,100.36
05/04/2022 16:30:00,98.66
06/04/2022 16:30:00,96.46
07/04/2022 16:30:00,94.75
08/04/2022 16:30:00,94.28
11/04/2022 16:30:00,95
12/04/2022 16:30:00,89.79
13/04/2022 16:30:00,90.03
14/04/2022 16:30:00,93.43
19/04/2022 16:30:00,95.5
20/04/2022 16:30:00,93.42
21/04/2022 16:30:00,96.6
22/04/2022 16:30:00,91.57
25/04/2022 16:30:00,86.83
26/04/2022 16:30:00,84.11
27/04/2022 16:30:00,82.38
28/04/2022 16:30:00,83.31
29/04/2022 16:30:00,83.29
03/05/2022 16:30:00,84.2
04/05/2022 16:30:00,83.22
05/05/2022 16:30:00,81.74
06/05/2022 16:30:00,80.31
09/05/2022 16:30:00,78.5
10/05/2022 16:30:00,78.25
11/05/2022 16:30:00,80.5
12/05/2022 16:30:00,81.38
13/05/2022 16:30:00,83.85
16/05/2022 16:30:00,80.68
17/05/2022 16:30:00,81.21
18/05/2022 16:30:00,84.78
19/05/2022 16:30:00,83.03
20/05/2022 16:30:00,83.31
23/05/2022 16:30:00,83.14
24/05/2022 16:30:00,80.08
25/05/2022 16:30:00,83.52
26/05/2022 16:30:00,86.44
27/05/2022 16:30:00,86.91
30/05/2022 16:30:00,88.99
31/05/2022 16:30:00,86.69
01/06/2022 16:30:00,88.73
06/06/2022 16:30:00,92.92
07/06/2022 16:30:00,91.86
08/06/2022 16:30:00,92.39
09/06/2022 16:30:00,91.69
10/06/2022 16:30:00,87.99
13/06/2022 16:30:00,86.17
14/06/2022 16:30:00,87.92
15/06/2022 16:30:00,90.69
16/06/2022 16:30:00,87.09
17/06/2022 16:30:00,87.71
20/06/2022 16:30:00,91.5
21/06/2022 16:30:00,90.83
22/06/2022 16:30:00,86.11
23/06/2022 16:30:00,81.85
24/06/2022 16:30:00,80.94
27/06/2022 16:30:00,81.81
28/06/2022 16:30:00,87.14
29/06/2022 16:30:00,84.2
30/06/2022 16:30:00,82.95
01/07/2022 16:30:00,86.08
04/07/2022 16:30:00,86.54
05/07/2022 16:30:00,79.12
06/07/2022 16:30:00,82.12
07/07/2022 16:30:00,85.26
08/07/2022 16:30:00,87.13
11/07/2022 16:30:00,86.74
12/07/2022 16:30:00,88.78
13/07/2022 16:30:00,88.58
14/07/2022 16:30:00,85.32
15/07/2022 16:30:00,89.79
18/07/2022 16:30:00,92.19
19/07/2022 16:30:00,93.85
20/07/2022 16:30:00,92.03
21/07/2022 16:30:00,92.35
22/07/2022 16:30:00,92.6
25/07/2022 16:30:00,91.95
26/07/2022 16:30:00,87.69
27/07/2022 16:30:00,87.37
28/07/2022 16:30:00,86.44
29/07/2022 16:30:00,89.27
01/08/2022 16:30:00,89.04
02/08/2022 16:30:00,87.8
03/08/2022 16:30:00,90.79
04/08/2022 16:30:00,82.65
05/08/2022 16:30:00,83
08/08/2022 16:30:00,86.7
09/08/2022 16:30:00,84.66
10/08/2022 16:30:00,85.55
11/08/2022 16:30:00,84.76
12/08/2022 16:30:00,85.01
15/08/2022 16:30:00,85.75
16/08/2022 16:30:00,85.9
17/08/2022 16:30:00,83.5
18/08/2022 16:30:00,83.6
19/08/2022 16:30:00,81.26
22/08/2022 16:30:00,80.4
23/08/2022 16:30:00,80.13
24/08/2022 16:30:00,80.31
25/08/2022 16:30:00,80.53
26/08/2022 16:30:00,78.48
30/08/2022 16:30:00,78.2
31/08/2022 16:30:00,77
01/09/2022 16:30:00,71.31
02/09/2022 16:30:00,75.07
05/09/2022 16:30:00,74.12
06/09/2022 16:30:00,76.71
07/09/2022 16:30:00,76.75
08/09/2022 16:30:00,78.28
09/09/2022 16:30:00,78.44
12/09/2022 16:30:00,80.67
13/09/2022 16:30:00,78.27
14/09/2022 16:30:00,75.16
15/09/2022 16:30:00,76.86
16/09/2022 16:30:00,75.77
20/09/2022 16:30:00,75.82
21/09/2022 16:30:00,74.32
22/09/2022 16:30:00,73.27
23/09/2022 16:30:00,71.88
26/09/2022 16:30:00,72.67
27/09/2022 16:30:00,69.23
28/09/2022 16:30:00,66.7
29/09/2022 16:30:00,68.26
30/09/2022 16:30:00,69.59
03/10/2022 16:30:00,69.77
04/10/2022 16:30:00,74.47
05/10/2022 16:30:00,73.92
06/10/2022 16:30:00,71.29
07/10/2022 16:30:00,70.6
10/10/2022 16:30:00,68.89
11/10/2022 16:30:00,69.49
12/10/2022 16:30:00,66.24
13/10/2022 16:30:00,70.01
14/10/2022 16:30:00,70.05
17/10/2022 16:30:00,71.57
18/10/2022 16:30:00,74.28
19/10/2022 16:30:00,74
20/10/2022 16:30:00,73.15
21/10/2022 16:30:00,73.58
24/10/2022 16:30:00,73.5
25/10/2022 16:30:00,73.69
26/10/2022 16:30:00,74.47
27/10/2022 16:30:00,76.34
28/10/2022 16:30:00,76.99
31/10/2022 16:30:00,78.15
01/11/2022 16:30:00,81.5
02/11/2022 16:30:00,83.06
03/11/2022 16:30:00,80.16
04/11/2022 16:30:00,85.11
07/11/2022 16:30:00,86.35
08/11/2022 16:30:00,88.44
09/11/2022 16:30:00,88.62
10/11/2022 16:30:00,85.96
11/11/2022 16:30:00,89.31
14/11/2022 16:30:00,91.6
15/11/2022 16:30:00,91.11
16/11/2022 16:30:00,87.22
17/11/2022 16:30:00,86.6
18/11/2022 16:30:00,85.49
21/11/2022 16:30:00,84.81
22/11/2022 16:30:00,85.29
23/11/2022 16:30:00,88.41
24/11/2022 16:30:00,91.05
25/11/2022 16:30:00,90.85
28/11/2022 16:30:00,88.62
29/11/2022 16:30:00,89.12
30/11/2022 16:30:00,90.92
01/12/2022 16:30:00,86.93
02/12/2022 16:30:00,90.25
05/12/2022 16:30:00,90.59
06/12/2022 16:30:00,93.49
07/12/2022 16:30:00,90.53
08/12/2022 16:30:00,91.39
09/12/2022 16:30:00,94.05
12/12/2022 16:30:00,92.84
13/12/2022 16:30:00,90.61
14/12/2022 16:30:00,90.29
15/12/2022 16:30:00,89.13
16/12/2022 16:30:00,87.33
19/12/2022 16:30:00,88.84
20/12/2022 16:30:00,88.43
21/12/2022 16:30:00,91.12
22/12/2022 16:30:00,91.1
23/12/2022 12:30:00,91.68
28/12/2022 16:30:00,92.64
29/12/2022 16:30:00,92.45
30/12/2022 12:30:00,93.2
03/01/2023 16:30:00,98.91
04/01/2023 16:30:00,101.4
05/01/2023 16:30:00,102.66
06/01/2023 16:30:00,102.9
09/01/2023 16:30:00,103.76
10/01/2023 16:30:00,101.02
11/01/2023 16:30:00,102.58
12/01/2023 16:30:00,104
13/01/2023 16:30:00,108.76
16/01/2023 16:30:00,107.16
17/01/2023 16:30:00,108.54
18/01/2023 16:30:00,108.26
19/01/2023 16:30:00,105.08
20/01/2023 16:30:00,106.6
23/01/2023 16:30:00,108.2
24/01/2023 16:30:00,111.4
25/01/2023 16:30:00,111.72
26/01/2023 16:30:00,113.48
27/01/2023 16:30:00,110.2
30/01/2023 16:30:00,109.12
31/01/2023 16:30:00,105.74
01/02/2023 16:30:00,105.18
02/02/2023 16:30:00,108.74
03/02/2023 16:30:00,109.08
06/02/2023 16:30:00,108.08
07/02/2023 16:30:00,107.96
08/02/2023 16:30:00,109.22
09/02/2023 16:30:00,108.72
10/02/2023 16:30:00,107.48
13/02/2023 16:30:00,109.46
14/02/2023 16:30:00,108.36
15/02/2023 16:30:00,112
16/02/2023 16:30:00,113.8
17/02/2023 16:30:00,112.46
20/02/2023 16:30:00,111.8
21/02/2023 16:30:00,109.98
22/02/2023 16:30:00,107.62
23/02/2023 16:30:00,133.1
24/02/2023 16:30:00,136.04
27/02/2023 16:30:00,145
28/02/2023 16:30:00,144.94
01/03/2023 16:30:00,148.42
02/03/2023 16:30:00,148.16
03/03/2023 16:30:00,149.64
06/03/2023 16:30:00,152.78
07/03/2023 16:30:00,153.18
08/03/2023 16:30:00,156.86
09/03/2023 16:30:00,158.04
10/03/2023 16:30:00,150.1
13/03/2023 16:30:00,145
14/03/2023 16:30:00,155.2
15/03/2023 16:30:00,144.14
16/03/2023 16:30:00,146.3
17/03/2023 16:30:00,140.3
20/03/2023 16:30:00,140.98
21/03/2023 16:30:00,150
22/03/2023 16:30:00,149.22
23/03/2023 16:30:00,147.34
24/03/2023 16:30:00,143.54
27/03/2023 16:30:00,144.34
28/03/2023 16:30:00,145.34
29/03/2023 16:30:00,148
30/03/2023 16:30:00,150.2
31/03/2023 16:30:00,149.02
03/04/2023 16:30:00,149.65
04/04/2023 16:30:00,145.5
05/04/2023 16:30:00,143.75
06/04/2023 16:30:00,147.95
11/04/2023 16:30:00,147.15
12/04/2023 16:30:00,147.6
13/04/2023 16:30:00,149.15
14/04/2023 16:30:00,149.75
17/04/2023 16:30:00,151
18/04/2023 16:30:00,155.85
19/04/2023 16:30:00,155.35
20/04/2023 16:30:00,155
21/04/2023 16:30:00,154.35
24/04/2023 16:30:00,153.6
25/04/2023 16:30:00,152.9
26/04/2023 16:30:00,151.95
27/04/2023 16:30:00,152
28/04/2023 16:30:00,152.15
02/05/2023 16:30:00,150.5
03/05/2023 16:30:00,151.9
04/05/2023 16:30:00,149.2
05/05/2023 16:30:00,151.15
09/05/2023 16:30:00,151.65
10/05/2023 16:30:00,156.3
11/05/2023 16:30:00,145.9
12/05/2023 16:30:00,148.3
15/05/2023 16:30:00,145.1
16/05/2023 16:30:00,148.15
17/05/2023 16:30:00,152.85
18/05/2023 16:30:00,155.55
19/05/2023 16:30:00,156
22/05/2023 16:30:00,157.3
23/05/2023 16:30:00,153.2
24/05/2023 16:30:00,146.85
25/05/2023 16:30:00,148.8
26/05/2023 16:30:00,149.05
30/05/2023 16:30:00,144.4
31/05/2023 16:30:00,143.3
01/06/2023 16:30:00,146.4
02/06/2023 16:30:00,150
05/06/2023 16:30:00,147.3
06/06/2023 16:30:00,148.05
07/06/2023 16:30:00,150.15
08/06/2023 16:30:00,149.45
09/06/2023 16:30:00,149.25
12/06/2023 16:30:00,150.15
13/06/2023 16:30:00,150.9
14/06/2023 16:30:00,150.75
15/06/2023 16:30:00,150.05
16/06/2023 16:30:00,151.2
19/06/2023 16:30:00,153.8
20/06/2023 16:30:00,157
21/06/2023 16:30:00,157.55
22/06/2023 16:30:00,156.05
23/06/2023 16:30:00,154.65
26/06/2023 16:30:00,154.8
27/06/2023 16:30:00,155.45
28/06/2023 16:30:00,155.8
29/06/2023 16:30:00,148.7
30/06/2023 16:30:00,151.05
03/07/2023 16:30:00,153.6
04/07/2023 16:30:00,152.25
05/07/2023 16:30:00,151
06/07/2023 16:30:00,145.2
07/07/2023 16:30:00,148.5
10/07/2023 16:30:00,147.9
11/07/2023 16:30:00,145.65
12/07/2023 16:30:00,148.45
13/07/2023 16:30:00,149.3
14/07/2023 16:30:00,145.9
17/07/2023 16:30:00,146.15
18/07/2023 16:30:00,146.4
19/07/2023 16:30:00,150.95
20/07/2023 16:30:00,154.4
21/07/2023 16:30:00,155.8
24/07/2023 16:30:00,156.7
25/07/2023 16:30:00,152.65
26/07/2023 16:30:00,185
27/07/2023 16:30:00,189.6
28/07/2023 16:30:00,193.3
31/07/2023 16:30:00,184.85
01/08/2023 16:30:00,185.25
02/08/2023 16:30:00,183.9
03/08/2023 16:30:00,192.2
04/08/2023 16:30:00,206.5
07/08/2023 16:30:00,209.5
08/08/2023 16:30:00,207.9
09/08/2023 16:30:00,209.1
10/08/2023 16:30:00,207.8
11/08/2023 16:30:00,207.7
14/08/2023 16:30:00,209
15/08/2023 16:30:00,205.5
16/08/2023 16:30:00,204.2
17/08/2023 16:30:00,202.4
18/08/2023 16:30:00,201.2
21/08/2023 16:30:00,201.9
22/08/2023 16:30:00,201.1
23/08/2023 16:30:00,201.8
24/08/2023 16:30:00,201.7
25/08/2023 16:30:00,203
29/08/2023 16:30:00,212.9
30/08/2023 16:30:00,216.8
31/08/2023 16:30:00,222.3
01/09/2023 16:30:00,219.1
04/09/2023 16:30:00,219.9
05/09/2023 16:30:00,219.2
06/09/2023 16:30:00,214.7
07/09/2023 16:30:00,223.8
08/09/2023 16:30:00,220.4
11/09/2023 16:30:00,223.6
12/09/2023 16:30:00,224.4
13/09/2023 16:30:00,225.3
14/09/2023 16:30:00,225.8
15/09/2023 16:30:00,227.4
18/09/2023 16:30:00,224.4
19/09/2023 16:30:00,226
20/09/2023 16:30:00,223.7
21/09/2023 16:30:00,220.4
22/09/2023 16:30:00,220.6
25/09/2023 16:30:00,219.8
26/09/2023 16:30:00,219.7
27/09/2023 16:30:00,218.8
28/09/2023 16:30:00,221.5
29/09/2023 16:30:00,220.9
02/10/2023 16:30:00,216.6
03/10/2023 16:30:00,212.1
04/10/2023 16:30:00,210.8
05/10/2023 16:30:00,210.5
06/10/2023 16:30:00,208.8
09/10/2023 16:30:00,205.2
10/10/2023 16:30:00,212.3
11/10/2023 16:30:00,213.1
12/10/2023 16:30:00,211.8
13/10/2023 16:30:00,213.2
16/10/2023 16:30:00,213.5
17/10/2023 16:30:00,215.6
18/10/2023 16:30:00,207.8
19/10/2023 16:30:00,205.6
20/10/2023 16:30:00,198.95
23/10/2023 16:30:00,203.5
24/10/2023 16:30:00,204.4
25/10/2023 16:30:00,203
26/10/2023 16:30:00,200.5
27/10/2023 16:30:00,200.4
30/10/2023 16:30:00,202
31/10/2023 16:30:00,215.4
01/11/2023 16:30:00,220.3
02/11/2023 16:30:00,223.6
03/11/2023 16:30:00,220.9
06/11/2023 16:30:00,224.1
07/11/2023 16:30:00,226
08/11/2023 16:30:00,232.4
09/11/2023 16:30:00,232.8
10/11/2023 16:30:00,232
13/11/2023 16:30:00,240.2
14/11/2023 16:30:00,239
15/11/2023 16:30:00,243.6
16/11/2023 16:30:00,244.5
17/11/2023 16:30:00,244
20/11/2023 16:30:00,245.5
21/11/2023 16:30:00,243
22/11/2023 16:30:00,237.5
23/11/2023 16:30:00,240.7
24/11/2023 16:30:00,241
27/11/2023 16:30:00,243.2
28/11/2023 16:30:00,258.3
29/11/2023 16:30:00,263.4
30/11/2023 16:30:00,268.8
01/12/2023 16:30:00,276.7
04/12/2023 16:30:00,285.4
05/12/2023 16:30:00,284.7
06/12/2023 16:30:00,288.6
07/12/2023 16:30:00,286.2
08/12/2023 16:30:00,289.3
11/12/2023 16:30:00,296.9
12/12/2023 16:30:00,304.7
13/12/2023 16:30:00,301.8
14/12/2023 16:30:00,300
15/12/2023 16:30:00,290.1
18/12/2023 16:30:00,292.4
19/12/2023 16:30:00,295
20/12/2023 16:30:00,298.9
21/12/2023 16:30:00,299.8
22/12/2023 12:30:00,302.4
27/12/2023 16:30:00,298.8
28/12/2023 16:30:00,298.1
29/12/2023 12:30:00,299.7
02/01/2024 16:30:00,298.1
03/01/2024 16:30:00,294.8
04/01/2024 16:30:00,297.8
05/01/2024 16:30:00,296.6
08/01/2024 16:30:00,305.2
09/01/2024 16:30:00,308.8
10/01/2024 16:30:00,309.2
11/01/2024 16:30:00,297
12/01/2024 16:30:00,305
15/01/2024 16:30:00,300
16/01/2024 16:30:00,298.2
17/01/2024 16:30:00,296.6
18/01/2024 16:30:00,306.5
19/01/2024 16:30:00,305
22/01/2024 16:30:00,308.9
23/01/2024 16:30:00,301.8
24/01/2024 16:30:00,307.1
25/01/2024 16:30:00,306.5
26/01/2024 16:30:00,305.4
29/01/2024 16:30:00,304
30/01/2024 16:30:00,307.1
31/01/2024 16:30:00,301.2
01/02/2024 16:30:00,298.8
02/02/2024 16:30:00,310.2
05/02/2024 16:30:00,309.8
06/02/2024 16:30:00,317.8
07/02/2024 16:30:00,322.9
08/02/2024 16:30:00,317.7
09/02/2024 16:30:00,318.1
12/02/2024 16:30:00,309.1
13/02/2024 16:30:00,306.3
14/02/2024 16:30:00,312.2
15/02/2024 16:30:00,320
16/02/2024 16:30:00,323.3
19/02/2024 16:30:00,334.2
20/02/2024 16:30:00,330.5
21/02/2024 16:30:00,329.5
22/02/2024 16:30:00,356.8
23/02/2024 16:30:00,353.1
26/02/2024 16:30:00,361.2
27/02/2024 16:30:00,358.6
28/02/2024 16:30:00,370.5
29/02/2024 16:30:00,369.1
01/03/2024 16:30:00,374.8
04/03/2024 16:30:00,376.4
05/03/2024 16:30:00,374.9
06/03/2024 16:30:00,379
07/03/2024 16:30:00,390
08/03/2024 16:30:00,386.4
11/03/2024 16:30:00,383.2
12/03/2024 16:30:00,391.8
13/03/2024 16:30:00,393.8
14/03/2024 16:30:00,389.4
15/03/2024 16:30:00,393.5
18/03/2024 16:30:00,390
19/03/2024 16:30:00,400.7
20/03/2024 16:30:00,406.7
21/03/2024 16:30:00,420.2
22/03/2024 16:30:00,419.9
25/03/2024 16:30:00,421.1
26/03/2024 16:30:00,428
27/03/2024 16:30:00,422
28/03/2024 16:30:00,426.7
02/04/2024 16:30:00,418.9
03/04/2024 16:30:00,424
04/04/2024 16:30:00,419
05/04/2024 16:30:00,421.1
08/04/2024 16:30:00,429.1
09/04/2024 16:30:00,412.2
10/04/2024 16:30:00,408.5
11/04/2024 16:30:00,406.9
12/04/2024 16:30:00,404.7
15/04/2024 16:30:00,406.8
16/04/2024 16:30:00,397.8
17/04/2024 16:30:00,401.4
18/04/2024 16:30:00,402.5
19/04/2024 16:30:00,395.5
22/04/2024 16:30:00,406.3
23/04/2024 16:30:00,417.2
24/04/2024 16:30:00,417
25/04/2024 16:30:00,405.7
26/04/2024 16:30:00,421.1
29/04/2024 16:30:00,414.8
30/04/2024 16:30:00,413.1
01/05/2024 16:30:00,407.5
02/05/2024 16:30:00,406.5
03/05/2024 16:30:00,418.1
07/05/2024 16:30:00,418.4
08/05/2024 16:30:00,428.7
09/05/2024 16:30:00,433.9
10/05/2024 16:30:00,423.6
13/05/2024 16:30:00,420.7
14/05/2024 16:30:00,419.6
15/05/2024 16:30:00,426.5
16/05/2024 16:30:00,420.4
17/05/2024 16:30:00,418.1
20/05/2024 16:30:00,436.8
21/05/2024 16:30:00,433
22/05/2024 16:30:00,428
23/05/2024 16:30:00,440.4
24/05/2024 16:30:00,444.8
28/05/2024 16:30:00,451
29/05/2024 16:30:00,447
30/05/2024 16:30:00,451
31/05/2024 16:30:00,453.4
03/06/2024 16:30:00,460.9
04/06/2024 16:30:00,448
05/06/2024 16:30:00,453.3
06/06/2024 16:30:00,458.2
07/06/2024 16:30:00,456.9
10/06/2024 16:30:00,465
11/06/2024 16:30:00,465
12/06/2024 16:30:00,469.4
13/06/2024 16:30:00,467.8
14/06/2024 16:30:00,457.8
17/06/2024 16:30:00,461.6
18/06/2024 16:30:00,467.9
19/06/2024 16:30:00,472.5
20/06/2024 16:30:00,485.5
21/06/2024 16:30:00,473.2
24/06/2024 16:30:00,471.3
25/06/2024 16:30:00,466
26/06/2024 16:30:00,461.7
27/06/2024 16:30:00,454.7
28/06/2024 16:30:00,456.8
01/07/2024 16:30:00,452.8
02/07/2024 16:30:00,446.2
03/07/2024 16:30:00,455.8
04/07/2024 16:30:00,461.9
05/07/2024 16:30:00,454.2
08/07/2024 16:30:00,461.3
09/07/2024 16:30:00,447.7
10/07/2024 16:30:00,454.2
11/07/2024 16:30:00,453.2
12/07/2024 16:30:00,450
15/07/2024 16:30:00,449.5
16/07/2024 16:30:00,458.9
17/07/2024 16:30:00,447.2
18/07/2024 16:30:00,434.6
19/07/2024 16:30:00,446.1
22/07/2024 16:30:00,443.3
23/07/2024 16:30:00,460
24/07/2024 16:30:00,443.9
25/07/2024 16:30:00,431
26/07/2024 16:30:00,441.8
29/07/2024 16:30:00,439.8
30/07/2024 16:30:00,444.7
31/07/2024 16:30:00,449.6
01/08/2024 16:30:00,481.1
02/08/2024 16:30:00,463.9
05/08/2024 16:30:00,443.8
06/08/2024 16:30:00,468.5
07/08/2024 16:30:00,479.7
08/08/2024 16:30:00,476.8
09/08/2024 16:30:00,485
12/08/2024 16:30:00,486.7
13/08/2024 16:30:00,492
14/08/2024 16:30:00,499.1
15/08/2024 16:30:00,503
16/08/2024 16:30:00,501
19/08/2024 16:30:00,500
20/08/2024 16:30:00,493
21/08/2024 16:30:00,492.5
22/08/2024 16:30:00,497.6
23/08/2024 16:30:00,498.9
27/08/2024 16:30:00,494.2
28/08/2024 16:30:00,500.2
29/08/2024 16:30:00,500.2
30/08/2024 16:30:00,496.4
02/09/2024 16:30:00,464.3
03/09/2024 16:30:00,472.3
04/09/2024 16:30:00,480.7
05/09/2024 16:30:00,477.9
06/09/2024 16:30:00,462.7
09/09/2024 16:30:00,475.6
10/09/2024 16:30:00,474.8
11/09/2024 16:30:00,479.1
12/09/2024 16:30:00,493.8
13/09/2024 16:30:00,501.2
16/09/2024 16:30:00,495.8
17/09/2024 16:30:00,495
18/09/2024 16:30:00,496
19/09/2024 16:30:00,525
20/09/2024 16:30:00,526.2
23/09/2024 16:30:00,530.2
24/09/2024 16:30:00,526.6
25/09/2024 16:30:00,531.8
26/09/2024 16:30:00,526.8
27/09/2024 16:30:00,525
30/09/2024 16:30:00,527.2
01/10/2024 16:30:00,524.8
02/10/2024 16:30:00,518.8
03/10/2024 16:30:00,533.4
04/10/2024 16:30:00,530.2
07/10/2024 16:30:00,526.6
08/10/2024 16:30:00,527.6
09/10/2024 16:30:00,531
10/10/2024 16:30:00,530
11/10/2024 16:30:00,537.2
14/10/2024 16:30:00,538.6
15/10/2024 16:30:00,540.6
16/10/2024 16:30:00,560
17/10/2024 16:30:00,569
18/10/2024 16:30:00,567.4
21/10/2024 16:30:00,567
22/10/2024 16:30:00,561.2
23/10/2024 16:30:00,561.4
24/10/2024 16:30:00,554.8
25/10/2024 16:30:00,556.2
28/10/2024 16:30:00,560.4
29/10/2024 16:30:00,554.6
30/10/2024 16:30:00,555.2
31/10/2024 16:30:00,535.4
01/11/2024 16:30:00,548.8
04/11/2024 16:30:00,549.6
05/11/2024 16:30:00,560
06/11/2024 16:30:00,574
07/11/2024 16:30:00,552.8
08/11/2024 16:30:00,553.2
11/11/2024 16:30:00,572
12/11/2024 16:30:00,558
13/11/2024 16:30:00,557.6
14/11/2024 16:30:00,545.2
15/11/2024 16:30:00,538.8
18/11/2024 16:30:00,539.2
19/11/2024 16:30:00,527.6
20/11/2024 16:30:00,526.2
21/11/2024 16:30:00,540.8
22/11/2024 16:30:00,545.6
25/11/2024 16:30:00,542.6
26/11/2024 16:30:00,542
27/11/2024 16:30:00,539.6
28/11/2024 16:30:00,545.6
29/11/2024 16:30:00,558.6
02/12/2024 16:30:00,573
03/12/2024 16:30:00,591.4
04/12/2024 16:30:00,594.8
05/12/2024 16:30:00,588.6
06/12/2024 16:30:00,586.4
09/12/2024 16:30:00,582.4
10/12/2024 16:30:00,565.8
11/12/2024 16:30:00,577
12/12/2024 16:30:00,575.4
13/12/2024 16:30:00,572.6
16/12/2024 16:30:00,583.8
17/12/2024 16:30:00,581
18/12/2024 16:30:00,586.8
19/12/2024 16:30:00,579.6
20/12/2024 16:30:00,575.4
23/12/2024 16:30:00,575.6
24/12/2024 12:30:00,575.6
27/12/2024 16:30:00,578
30/12/2024 16:30:00,570.4
31/12/2024 12:30:00,568.6
02/01/2025 16:30:00,588.4
03/01/2025 16:30:00,585
06/01/2025 16:30:00,570
07/01/2025 16:30:00,576.6
08/01/2025 16:30:00,578
09/01/2025 16:30:00,581.4
10/01/2025 16:30:00,580
13/01/2025 16:30:00,567.4
14/01/2025 16:30:00,566.4
15/01/2025 16:30:00,563.4
16/01/2025 16:30:00,578.8
17/01/2025 16:30:00,588
20/01/2025 16:30:00,595.4
21/01/2025 16:30:00,594
22/01/2025 16:30:00,603.4
23/01/2025 16:30:00,611.6
24/01/2025 16:30:00,605.6
27/01/2025 16:30:00,589.8
28/01/2025 16:30:00,582.8
29/01/2025 16:30:00,584.2
30/01/2025 16:30:00,596
31/01/2025 16:30:00,606
03/02/2025 16:30:00,595.4
04/02/2025 16:30:00,593.6
05/02/2025 16:30:00,601.8
06/02/2025 16:30:00,606
07/02/2025 16:30:00,602.8
10/02/2025 16:30:00,613.4
11/02/2025 16:30:00,620
12/02/2025 16:30:00,620.8
13/02/2025 16:30:00,624.4
14/02/2025 16:30:00,624.6
17/02/2025 16:30:00,635.4
18/02/2025 16:30:00,644.4
19/02/2025 16:30:00,642.6
20/02/2025 16:30:00,618.4
21/02/2025 16:30:00,611.4
24/02/2025 16:30:00,606.2
25/02/2025 16:30:00,615
26/02/2025 16:30:00,631
27/02/2025 16:30:00,731.6
28/02/2025 16:30:00,744
03/03/2025 16:30:00,776.8
04/03/2025 16:30:00,786.4
05/03/2025 16:30:00,805.2
06/03/2025 16:30:00,804.8
07/03/2025 16:30:00,801.4
10/03/2025 16:30:00,732.8
11/03/2025 16:30:00,747.4
12/03/2025 16:30:00,781
13/03/2025 16:30:00,771.4
14/03/2025 16:30:00,796.4
17/03/2025 16:30:00,801.6
18/03/2025 16:30:00,811.2
19/03/2025 16:30:00,812.8
20/03/2025 16:30:00,796.6
21/03/2025 16:30:00,800.6
24/03/2025 16:30:00,790
25/03/2025 16:30:00,801.8
26/03/2025 16:30:00,801.6
27/03/2025 16:30:00,797
28/03/2025 16:30:00,771.2
31/03/2025 16:30:00,749
01/04/2025 16:30:00,779.4
02/04/2025 16:30:00,755.8
03/04/2025 16:30:00,746
04/04/2025 16:30:00,659
07/04/2025 16:30:00,635.8
08/04/2025 16:30:00,679.2
09/04/2025 16:30:00,663.6
10/04/2025 16:30:00,693.6
11/04/2025 16:30:00,693.8
14/04/2025 16:30:00,709.6
15/04/2025 16:30:00,731.8
16/04/2025 16:30:00,724.2
17/04/2025 16:30:00,714.4
22/04/2025 16:30:00,716
23/04/2025 16:30:00,727.8
24/04/2025 16:30:00,735.2
25/04/2025 16:30:00,755.4
28/04/2025 16:30:00,754.4
29/04/2025 16:30:00,752.8
30/04/2025 16:30:00,754.2
01/05/2025 16:30:00,767
02/05/2025 16:30:00,784
06/05/2025 16:30:00,781.2
07/05/2025 16:30:00,766
08/05/2025 16:30:00,794
09/05/2025 16:30:00,791.6
12/05/2025 16:30:00,785
13/05/2025 16:30:00,801
14/05/2025 16:30:00,797
15/05/2025 16:30:00,816
16/05/2025 16:30:00,809.6
19/05/2025 16:30:00,819.2
20/05/2025 16:30:00,817.6
21/05/2025 16:30:00,824.4
22/05/2025 16:30:00,839
23/05/2025 16:30:00,835.8
27/05/2025 16:30:00,851.6
28/05/2025 16:30:00,857.8
29/05/2025 16:30:00,851
30/05/2025 16:30:00,866.2